amount,transaction_velocity,new_device,new_location,is_fraud
469.2680899768591,3,1,0,0
3010.121430917521,1,0,0,0
1316.7456935454493,2,0,0,0
912.9425537759532,1,0,0,0
169.62487046234628,3,0,0,0
169.5962919146052,1,0,0,0
59.838768608680674,3,1,0,0
2011.2308644799396,5,0,0,0
919.0821536272646,0,0,0,0
1231.2500617045903,1,0,1,0
20.799307999138623,2,0,1,0
3503.557475158312,1,0,0,0
1786.4295433546752,5,0,0,0
238.687625248947,1,0,0,0
200.67898874966338,3,0,1,0
202.61142283225706,2,0,0,0
362.75372946047713,2,0,0,0
743.9278308608544,0,0,0,0
565.5370667803367,2,0,1,0
344.2229925539415,2,0,0,0
946.3708738997987,4,0,0,0
150.23452872733867,0,0,0,0
345.51551200240226,3,0,1,0
456.27721822084703,3,0,1,0
608.934687859775,3,0,0,0
1537.936011030912,2,0,0,0
222.7358621286903,0,0,0,0
722.0291550331277,2,0,0,0
897.5047213097606,2,0,1,0
47.563849756408544,1,0,0,0
935.3330206496101,0,0,0,0
186.96125197741642,0,0,0,0
67.26393087930424,1,0,0,0
2973.6877935069306,0,0,1,0
3370.6303424611724,2,0,0,0
1652.3315728128766,1,0,0,0
363.2878599687583,3,0,0,0
102.77731500250624,1,0,0,0
1152.7507630986618,1,0,0,0
580.0908425853984,6,0,1,1
130.15223395444863,3,1,0,0
683.5472281341501,1,0,1,0
34.99372144347908,1,1,0,0
2400.4228873930238,4,0,1,0
299.4577768406861,3,0,0,0
1086.2557985649803,0,0,0,0
373.5465816576237,0,0,0,0
734.1108959092286,3,0,1,0
791.2237979817976,3,1,0,0
204.38859950790575,4,1,0,0
3492.8071327362263,2,0,1,0
1492.2453771381408,1,0,0,0
2805.094419291582,4,1,0,0
2252.1519975341967,2,1,0,0
911.054412383275,1,0,0,0
2549.435379269405,2,0,0,0
92.65545895311563,2,0,0,0
218.13469463126745,2,0,0,0
46.28196568683195,1,0,0,0
393.5320868030868,0,0,0,0
492.1302917942186,3,0,0,0
316.5604432088257,4,0,0,0
1764.557865240934,6,0,0,0
441.22699952987017,4,1,0,0
329.8028401342492,2,1,1,0
782.407083207746,1,0,1,0
151.89814782062885,4,0,0,0
1620.4835957747312,2,0,1,0
77.47586881130901,3,0,1,0
4334.14633958732,2,0,0,0
1479.4837762415114,3,0,0,0
221.53944050588595,0,0,0,0
5.537420375935475,2,0,0,0
1689.896777486126,2,0,1,0
1227.0959073870447,2,1,0,0
1305.662908787999,3,0,0,0
1475.2145260435134,2,0,0,0
76.92926551379635,2,0,0,0
443.8926724162325,3,0,0,0
123.15010460444965,5,0,1,0
1988.5295716582227,3,0,0,0
976.301191712374,0,0,1,0
401.818801251301,2,1,0,0
65.66806580478288,3,0,0,0
372.48835041035375,2,0,0,0
393.31421318413135,3,0,1,0
1307.8757839577409,2,0,0,0
1014.8893589260199,0,0,0,0
2182.251912401515,2,1,0,0
639.0661333763098,1,0,1,0
127.3723936155019,2,0,0,0
1249.1263443165994,2,1,0,0
1430.392753076864,4,0,0,0
823.8874948858288,0,0,0,0
1473.8899667213645,2,0,0,0
680.814731510278,0,0,1,0
739.6788387772671,0,0,0,0
557.8141939084273,1,0,1,0
25.74777399011373,2,0,0,0
114.16743519186583,0,0,0,0
31.933681293053823,1,0,1,0
1011.7295509275494,4,0,0,0
377.39670879509987,3,0,0,0
710.43717713419,4,1,0,0
2381.2655298459754,2,0,0,0
286.73882298329835,2,0,0,0
528.2819748826726,2,0,0,0
1408.7491475385834,1,0,0,0
259.805156917394,1,0,0,0
80.10427855017636,1,1,0,0
342.1403038870571,1,0,1,0
175.80835850006284,3,1,0,0
2654.9500858806246,2,1,0,0
1650.8870804845694,2,0,0,0
1003.494190520531,2,0,0,0
2051.519730520813,0,0,0,0
1627.9689407405565,1,0,0,0
206.49547635863908,4,0,1,0
2230.813405235561,2,1,1,0
775.099901966172,4,0,0,0
1647.3482913035662,4,0,0,0
2264.2426492862314,2,0,0,0
382.7307164183185,1,1,0,0
116.59216012385083,3,0,0,0
258.68674613938134,3,1,0,0
557.0576927486144,1,1,0,0
1703.829726638945,1,0,0,0
1971.3449718798333,4,0,0,0
6.976409181650647,1,0,0,0
714.8761593385558,4,0,0,0
540.2733209186713,0,0,0,0
251.1673382758245,3,0,0,0
127.68039154564681,3,0,1,0
411.9085798624325,3,0,1,0
2863.1211226911496,2,0,0,0
390.3838028814744,1,0,0,0
731.4528057601519,0,0,0,0
1214.0869768808548,2,1,0,0
451.97449896696236,2,0,0,0
3567.7981382916996,2,0,0,0
3282.009864541398,3,0,0,0
290.06129499220526,3,1,0,0
687.6592784638473,1,0,0,0
357.9304600790468,2,0,0,0
335.2496763810817,1,0,0,0
37.584477765522536,2,0,0,0
940.4920709825931,0,1,0,0
698.5196328296385,1,0,0,0
52.85108738039248,1,0,0,0
326.6259210103694,2,0,0,0
2388.8609510893402,1,0,0,0
273.86055214207704,1,0,0,0
156.53086098546976,2,0,0,0
672.2721094736362,4,0,0,0
4244.03698261526,0,0,0,0
277.1448135597262,1,0,0,0
1115.1550102972933,4,1,0,0
1433.8876262394629,2,0,0,0
271.3331723358058,1,0,0,0
1302.748928492316,1,0,0,0
458.522799264304,3,0,0,0
1000.5037477317713,1,1,0,0
1003.8378271376382,3,0,1,0
767.3852499523488,3,1,1,0
94.62915881162095,2,0,0,0
1803.644794246297,2,1,0,0
386.8102936673966,4,0,0,0
206.43210660755653,1,0,1,0
41.629759794345205,1,0,0,0
893.7784045945834,2,0,0,0
1131.8517342673488,1,0,0,0
16.72694755847062,3,1,0,0
717.6305845494884,3,0,0,0
256.8241470549577,4,0,0,0
1036.124341547692,1,1,0,0
191.60422253913376,1,0,0,0
1174.212527567719,1,0,1,0
488.9587009811018,1,0,0,0
2760.343817804307,2,0,0,0
147.94441343927895,0,1,0,0
417.13243399517177,1,1,0,0
120.44428503699642,2,0,0,0
2586.1903971507236,4,0,0,0
2098.333707160994,0,0,1,0
298.3273700614889,0,1,0,0
1078.7627390439145,1,0,0,0
1699.4840726392213,1,0,0,0
810.132360686508,4,0,0,0
754.2794101939461,2,0,0,0
276.8770454379031,2,0,0,0
97.72614047494073,2,1,0,0
2275.123225194523,5,0,0,0
2306.774427648427,3,1,0,0
1002.6699194828848,4,0,1,0
414.0465098113239,3,1,0,0
429.5676158116439,0,0,0,0
1294.4654297271181,3,0,0,0
2274.0973491072523,2,0,1,0
2181.1325693966132,3,0,0,0
1513.5621919309033,3,1,0,0
1027.310693567705,1,0,0,0
87.89172619608405,1,0,0,0
176.2942146834115,4,1,0,0
2288.2305001775057,0,1,0,0
932.4939469655895,2,0,0,0
9.23960561099441,3,1,0,0
106.99690143594933,1,0,0,0
1089.162387290241,0,0,0,0
5.074437051797003,3,0,0,0
175.31581610419906,2,0,0,0
795.6978461389317,1,0,0,0
1177.3152866548126,2,0,0,0
1055.4414821352486,1,0,0,0
253.9498673080245,0,1,0,0
1245.4172888985388,2,0,0,0
270.82375905280594,0,1,0,0
393.6349089180844,3,0,0,0
1372.3575516657907,2,0,1,0
1048.773814302768,4,0,0,0
1891.956077463401,1,0,0,0
1071.8132881697625,0,1,0,0
840.0443055872574,0,0,0,0
98.35706144841049,4,0,0,0
458.41630720702005,0,1,0,0
308.1601478588312,5,0,0,0
279.70020366242125,0,0,0,0
3612.309406162926,3,0,0,0
499.3874970400238,2,1,0,0
2226.055211248523,1,1,0,0
997.3343857364831,1,0,0,0
1583.8252526883998,1,0,0,0
698.4353243887705,2,1,0,0
860.155902641585,3,0,0,0
678.2934333416935,2,1,0,0
217.2148953252385,3,0,0,0
1281.7618030658039,3,1,0,0
329.57736836626293,1,0,0,0
24.616481080688615,2,0,0,0
1036.968786295274,2,0,0,0
194.9335702248227,2,0,0,0
2821.083147273303,4,1,0,0
3077.5624127880233,1,0,0,0
2463.5098846338415,0,1,0,0
462.28739649736673,1,0,0,0
15.577315371944383,2,0,1,0
2635.52345733189,0,0,0,0
558.9382770530614,1,0,0,0
3400.842016122056,0,0,0,0
3313.7354761302054,2,0,0,0
1917.387017179419,2,0,1,0
348.7760681721603,3,0,0,0
486.29193209869356,0,1,0,0
1904.7266524780798,5,0,0,0
381.1462314307171,5,0,0,0
185.71861629575477,1,0,0,0
813.7369920602277,4,1,1,0
2751.2934708070416,2,0,0,0
1190.8255977579372,3,0,0,0
844.1123364356555,2,0,0,0
102.22819734932288,3,0,0,0
954.5307155177177,2,0,0,0
4610.569747846317,2,1,0,0
150.92058664226414,2,0,0,0
730.4953249815037,2,0,0,0
2098.6086379007943,0,0,0,0
1350.0342483536701,4,1,0,0
1194.074425301673,4,0,0,0
1212.28755622449,1,0,0,0
445.4923423149491,3,0,0,0
347.56208426709514,0,0,0,0
1657.3745072597123,2,0,0,0
1661.3281990870287,0,0,0,0
2017.9500473679147,3,0,0,0
2444.6159618366364,2,0,0,0
716.0932369329037,1,0,0,0
696.1843775511992,0,0,1,0
1600.9499323084874,0,1,0,0
1049.7190748878002,4,0,0,0
1210.550648511517,2,0,0,0
1588.6194749542049,2,0,0,0
2207.323476346767,3,0,0,0
412.4824071376542,5,1,1,0
470.93678872755635,3,1,0,0
98.69603918736055,0,0,0,0
863.4140266094347,0,0,0,0
36.604104210856995,2,0,0,0
626.6069481821096,2,1,0,0
782.294585687126,2,0,0,0
337.6306603145225,3,0,0,0
893.6325301461753,0,0,0,0
30.975062101474546,0,1,0,0
38.06349928278938,3,0,0,0
1729.351369538136,2,0,0,0
446.5850242077447,3,0,1,0
135.88904129742798,1,0,0,0
738.6535882790156,3,0,0,0
1469.6479404457352,3,1,0,0
243.11800342990335,1,1,0,0
975.2196186564929,3,0,0,0
89.21102898989729,4,1,0,0
53.0650959103094,2,0,0,0
757.9089406255209,1,0,0,0
777.9104426947422,4,1,0,0
1014.5374482046159,1,0,0,0
1294.9605629166842,1,0,0,0
3723.557008699993,3,1,0,0
726.2911192303562,1,0,0,0
390.0197141059788,4,0,0,0
1585.6539797326864,3,1,1,0
315.8514654361373,0,0,0,0
577.9834312733013,2,0,0,0
81.7051685836699,3,0,1,0
25.67760954147438,2,0,0,0
3287.379923268602,1,0,0,0
1807.7676421150625,4,0,0,0
1190.6427327993417,1,0,0,0
525.8596444651419,1,0,0,0
190.30653614210874,0,0,1,0
170.12074157285414,3,0,0,0
288.0059891265836,0,1,1,0
796.7906483133146,2,0,0,0
1253.8492877767758,1,1,0,0
1079.3903496967985,1,0,0,0
328.41226138899594,2,0,1,0
3098.1034985563065,4,0,0,0
1339.0174048752262,4,0,0,0
808.2304819313313,3,0,0,0
946.0304720374351,4,0,0,0
544.0378655320513,1,1,0,0
284.6612922740635,2,0,0,0
440.0141293231124,1,1,0,0
1418.1818477567133,1,0,1,0
14.498079720804276,4,0,0,0
123.38039223997605,2,0,0,0
47.09437695252053,0,0,0,0
41.581451917292426,3,1,1,0
1934.2030336156586,1,0,0,0
1216.2406117006883,2,0,0,0
642.7845944128924,2,0,0,0
102.95691844781325,0,0,0,0
676.5179657972333,2,1,1,0
641.4503320943712,5,0,1,0
190.19471280022498,2,0,0,0
568.8991313023238,3,0,0,0
508.3366145832069,0,1,0,0
956.7224329131345,2,0,0,0
1008.1145360409121,1,0,0,0
46.36232402053473,3,0,0,0
469.3840046550615,2,1,0,0
983.1249947827285,1,0,1,0
699.4394526077897,2,0,0,0
1941.3494531754386,1,0,0,0
1074.9747640549979,2,0,0,0
177.8528687673073,5,0,0,0
73.18243625624083,3,0,0,0
1028.394147108891,4,0,0,0
26.86907266739443,2,0,0,0
881.3473778072906,2,0,0,0
2817.255455387152,0,0,0,0
856.7824455775444,2,1,1,0
491.3006922239073,1,1,0,0
1030.827157844982,1,0,1,0
612.9559740510913,2,0,1,0
788.8143605763202,3,1,1,0
2838.127146232999,1,0,1,0
487.9275273501871,2,0,0,0
3249.091861506754,1,1,1,0
2357.576183769919,2,0,0,0
217.89626094045,1,0,0,0
71.88415530315702,1,0,0,0
106.22533548163021,3,0,0,0
18.389887847233705,3,0,0,0
99.20501165575413,1,1,0,0
1148.874872577167,0,0,0,0
73.84962694642702,3,0,0,0
384.1571882948685,3,1,0,0
1863.526040097277,3,0,0,0
23.54700318071151,0,0,0,0
1684.5305061859585,0,0,0,0
331.08346683962947,0,1,0,0
125.75011982910763,4,0,0,0
1193.1554084399133,1,0,0,0
991.3991764332203,3,0,0,0
2099.4158140869467,0,0,0,0
1328.2935787644003,0,0,0,0
1626.9958059939781,4,0,0,0
331.3338623067386,1,0,1,0
195.33329604044698,2,0,0,0
1388.7563960054247,4,0,0,0
1644.2091832434196,1,0,0,0
4657.004890140231,0,0,0,0
532.079354152605,1,1,1,0
465.2439119617327,2,1,0,0
1497.954503343587,1,1,0,0
416.73367093075314,1,0,0,0
2670.1379243993265,1,0,0,0
1954.8391571662492,3,0,0,0
560.3556094421597,1,0,0,0
1389.784716495461,1,0,0,0
1404.6329868550172,3,0,1,0
108.83751880671802,1,0,0,0
2328.445680867632,2,0,0,0
703.7074897567544,0,0,0,0
1751.33255752333,1,0,0,0
385.7354261645083,3,0,0,0
2258.7905145459263,1,0,0,0
492.9884540601712,4,1,0,0
10.896806615175478,2,0,0,0
2357.9072969624535,0,0,0,0
95.72561054847526,4,1,0,0
384.65363338503886,2,0,0,0
2996.9723831882857,1,0,0,0
3007.9495401039894,1,0,0,0
851.9972910552638,2,0,0,0
999.2300803905247,1,0,1,0
595.0146636228576,2,0,0,0
347.02277874619705,2,0,0,0
398.48633455038976,1,1,0,0
1116.3235799285062,1,0,0,0
1395.8378736630773,5,0,1,0
1568.1954162211487,1,0,0,0
1558.8310318487418,6,0,0,0
95.63694654031944,4,1,0,0
682.049596573356,2,0,0,0
59.28170644873779,1,1,0,0
797.461315695393,1,0,0,0
582.5552749872835,3,1,0,0
2186.6186642208013,2,0,1,0
432.1916194678851,1,0,0,0
124.50597755245087,4,0,0,0
154.30765454211937,2,0,0,0
1433.4305470790937,1,0,0,0
962.905679748035,3,1,0,0
106.60871224538545,2,0,0,0
87.85552166860508,4,0,1,0
1207.2084716530997,4,0,0,0
75.54608952579714,1,0,0,0
1725.1858538085814,4,1,0,0
1224.999753130005,0,0,0,0
84.84875058031206,3,0,0,0
88.6538677778067,3,0,0,0
4315.458562058092,2,0,0,0
468.8375825522896,3,0,0,0
463.0552604753125,1,0,0,0
1675.5754032826771,4,0,1,0
2942.1645379632437,3,0,0,0
4268.773939601984,0,0,0,0
1399.8992301163419,2,0,0,0
472.02099961912563,1,0,0,0
87.19399369795725,0,0,0,0
1501.2425404546257,3,0,0,0
817.3604075614929,1,0,0,0
552.0331253049737,1,0,0,0
2368.2376754780903,1,0,0,0
117.88020797188024,4,1,0,0
678.5051093729543,3,0,0,0
11.418589432541669,0,0,0,0
632.3543695829262,1,0,0,0
57.95043106592578,4,0,1,0
126.49099593117121,2,1,0,0
125.02623200745627,1,1,0,0
1047.5683864069715,2,0,0,0
1370.5977175964726,1,0,0,0
875.5537772028686,3,0,0,0
3274.720209102377,3,0,0,0
469.79657792026717,6,0,0,0
336.4691574205587,1,1,1,0
2029.5025381702296,3,0,0,0
253.08206773185339,1,1,0,0
3302.870106251911,4,1,1,0
12.228944358969308,2,1,0,0
3502.526922879482,3,0,0,0
44.1189986185019,1,0,0,0
2217.721229160009,2,0,0,0
750.1432503493903,2,0,0,0
4956.828607926032,2,0,0,0
76.66137595445494,1,0,0,0
807.1096637333488,4,0,0,0
3483.575221256005,1,0,0,0
740.4439331810439,1,0,0,0
992.6282903811874,2,0,0,0
1189.9012381167743,2,0,0,0
606.1277556769509,5,0,0,0
987.6741730080221,0,0,0,0
877.8258618057556,0,1,0,0
2314.2327694826477,2,0,0,0
46.51146174348098,1,0,0,0
329.8427258987585,4,0,0,0
3003.9960058609313,4,0,0,0
2209.6758284534862,2,0,1,0
608.17526195962,1,1,0,0
967.9330287389772,1,1,0,0
324.87341989513016,4,0,0,0
208.4041614360645,1,0,0,0
623.0585988040988,8,0,1,1
435.95353461673335,0,0,1,0
876.243706006643,1,0,0,0
80.92228443318479,3,0,0,0
3664.9601225225674,1,0,0,0
4283.865575552539,3,0,0,0
1197.8638819127893,2,0,0,0
768.0784344120899,2,0,0,0
370.37930155436,1,0,0,0
1680.9071674879967,2,0,0,0
1154.3295836488157,0,0,0,0
177.47365410048837,1,0,0,0
2418.3010919991275,0,0,0,0
1728.9945113672713,5,0,0,0
2991.738525033436,4,0,0,0
1293.6040041961344,3,0,0,0
950.4040195913727,1,0,0,0
541.7025065931134,2,0,0,0
2699.0183615471183,1,0,0,0
2010.3923800469202,4,0,0,0
46.272938653122786,1,0,0,0
26.720816866511363,0,0,0,0
472.34776158326287,3,1,0,0
1663.6477229960863,1,0,0,0
4364.275468220168,3,0,0,0
163.0095099344797,0,0,0,0
901.7241302157357,2,0,0,0
479.47369975809613,2,0,1,0
3503.7085543759626,1,1,0,0
1845.9132074336346,3,0,0,0
1822.1900464698572,3,0,0,0
632.4155711397735,1,0,0,0
535.834936327349,1,0,0,0
319.3888921500612,3,1,1,0
58.02696384483622,1,0,0,0
2000.4261400033104,0,0,0,0
1676.1174392499229,1,1,0,0
8172.445597818083,3,0,0,0
5694.873400744333,4,0,1,0
810.651592641394,2,1,0,0
1465.2830902062608,0,0,0,0
2896.171682874436,2,0,0,0
1894.7720147092457,1,0,1,0
284.15244458114654,3,0,0,0
598.8268273998644,2,0,0,0
138.29634431308867,2,0,0,0
3080.223786441709,2,1,0,0
931.8477025886182,0,1,0,0
259.6037254184837,3,1,0,0
1113.8295391732502,2,0,0,0
962.6704347430717,0,1,0,0
443.4204622971061,2,0,0,0
120.53912139846928,2,0,0,0
1113.4412835191022,2,0,0,0
734.6104241860377,2,0,1,0
1479.8070809605151,3,0,0,0
734.3098604235151,1,1,0,0
1911.770111308484,2,0,0,0
802.7541190214876,2,0,0,0
823.1145809801471,3,0,0,0
2092.7586432297717,2,1,0,0
516.647313988117,4,0,0,0
143.88795539029894,2,0,0,0
29.205021432094686,1,0,0,0
1407.0574526625855,1,0,0,0
968.3989670606796,0,1,0,0
1217.6653477978764,2,0,0,0
239.48149349344348,4,0,0,0
146.61255122827865,1,0,0,0
14.651476265668782,0,1,0,0
431.6872615150693,2,0,0,0
891.3973756649445,0,0,0,0
497.9818675611507,0,0,0,0
575.3195628284312,3,0,0,0
2345.0615229814416,2,1,0,0
428.1026144251117,3,1,0,0
721.5250280723211,1,1,0,0
1530.8717377197017,1,1,0,0
505.0801312991797,2,1,0,0
973.0904753530854,4,0,0,0
1983.1406436843067,3,1,0,0
2986.1904153746677,1,0,0,0
159.08187931483596,4,0,0,0
2611.662763042079,1,0,1,0
677.5027809955307,3,1,0,0
298.73545435139573,1,0,1,0
614.5869673706975,1,1,0,0
3913.6530975805917,2,0,0,0
678.4912926673597,3,0,0,0
398.6160321004998,1,0,0,0
1003.4862739576596,3,0,0,0
274.62846771560294,2,0,0,0
78.89530497623504,2,0,0,0
137.97521971241585,2,1,1,0
137.01842406700712,0,0,1,0
164.75990155667296,5,0,0,0
149.46006606751655,2,0,1,0
1024.0840510758064,2,0,0,0
200.74635703448163,0,0,0,0
424.1393157948052,4,0,0,0
2270.9741251283576,1,0,0,0
642.3811416465936,1,0,1,0
1101.2890836523804,5,0,0,0
189.12851711321647,0,1,1,0
213.55098099509507,2,0,1,0
41.72721271756531,1,0,0,0
185.0473440655809,3,0,0,0
326.54811863114554,2,0,0,0
194.81181748310794,5,0,0,0
92.88590786036757,3,0,0,0
128.55621349335252,2,0,0,0
617.6293433653791,2,0,0,0
231.09220634509657,1,1,1,0
452.9811155109185,0,1,0,0
700.0051847143304,1,1,0,0
1172.4574340125423,3,0,0,0
40.10573010001543,1,0,0,0
1606.4942438261196,1,0,0,0
988.5936903672964,0,0,0,0
85.29543037633427,2,0,0,0
2068.1346984880906,3,0,0,0
2536.6935463789277,4,0,0,0
63.02282756016341,2,1,0,0
324.17684312865083,3,0,0,0
1640.9351832266425,3,0,0,0
1379.3572402143084,2,0,0,0
203.9796320618005,3,0,0,0
234.89903118153325,0,0,1,0
462.7851100243697,2,0,0,0
662.6625646686144,2,0,0,0
963.001834058552,4,0,0,0
460.3125630003512,2,0,0,0
620.8911092209177,2,0,0,0
1376.2289403898424,2,0,0,0
37.372952321478465,2,0,0,0
290.9366218823972,1,0,0,0
1249.4918749560259,2,1,0,0
2255.7667543306134,3,0,0,0
716.7791122084009,1,0,1,0
759.5295023530689,3,1,0,0
113.36133854066338,3,1,1,0
593.1432460835508,1,1,0,0
760.6067990552899,1,0,0,0
277.6928032606533,4,0,0,0
313.67461187854383,2,0,0,0
473.66498480247196,1,0,0,0
20.275360750314515,1,1,0,0
388.72476125613576,0,0,0,0
237.55693562362987,2,1,0,0
396.74923023198266,3,0,0,0
127.56310328478126,2,0,0,0
2212.079899943025,1,1,0,0
900.3988138795597,1,0,0,0
1136.6329578930317,4,1,0,0
1556.7090323777913,1,0,0,0
690.0364218488851,1,0,0,0
90.93209451745585,3,0,0,0
770.2583632948225,1,1,0,0
883.9230578713735,1,0,0,0
1368.2166488084092,3,0,0,0
565.0346493829821,2,0,0,0
136.48466672931224,2,0,0,0
333.7621802617039,2,0,0,0
451.11482547462344,2,0,1,0
1038.2246116218616,3,0,0,0
845.7817212014196,3,0,0,0
440.2067596518062,5,1,0,0
4306.195772169813,1,0,0,0
930.8330084672093,3,1,0,0
270.79452875679993,1,0,0,0
107.34300462488686,0,1,0,0
165.88829258982588,2,0,1,0
282.30684939514094,3,0,0,0
175.16487495429402,1,1,0,0
206.4917454545804,4,0,0,0
335.60584821544654,1,0,0,0
190.402433662887,0,1,0,0
2270.751449355915,2,0,0,0
83.63571259200016,0,1,0,0
743.4123501127027,4,0,0,0
528.3055564893024,1,0,0,0
4038.6421660159203,2,0,0,0
118.8273456974049,1,0,0,0
507.2579937424304,1,0,0,0
3489.0596641267152,1,0,0,0
2006.2440619681547,2,0,0,0
1698.6630340361794,1,0,0,0
298.27508353350464,2,0,1,0
187.39953278648755,3,1,0,0
1104.5595986817837,4,0,1,0
2650.3850949599555,2,0,0,0
813.6504219047422,2,1,0,0
847.7275614585865,3,0,0,0
328.4750308106508,3,1,0,0
1467.4737584120885,2,0,0,0
207.07798214607084,3,0,0,0
391.08781311923264,1,0,1,0
554.1445500698305,4,0,0,0
708.4849626446985,0,1,1,0
277.6125835696058,5,0,0,0
121.98327214413544,2,0,1,0
943.1996574293565,1,0,0,0
340.5633684365418,1,0,0,0
870.4530682924436,1,0,0,0
167.6647527706798,2,0,1,0
656.1213780285276,1,1,0,0
760.5472481290778,4,1,0,0
53.21465145712133,3,0,0,0
410.3836013804232,0,0,0,0
144.34932683193162,2,0,0,0
65.47225877252488,0,0,0,0
4601.201311395324,0,0,0,0
389.13002251942027,2,0,0,0
1660.0706137698987,3,0,0,0
293.8888342934014,2,1,0,0
1144.1413510203515,2,1,1,0
1428.0662228282085,1,0,0,0
905.4465941691398,0,0,0,0
637.8566440452718,2,0,0,0
530.7578135053777,3,0,1,0
429.0433017039748,3,0,0,0
2652.5560482207807,3,0,0,0
1775.6070711417979,3,1,1,0
3353.1763894156916,0,1,0,0
132.72854183610556,1,0,0,0
1312.5513634605074,2,0,0,0
2786.1272652612406,1,0,0,0
199.9558097007977,4,1,0,0
68.81031747249688,0,1,0,0
1351.3931531886221,1,0,0,0
854.4271441986697,4,0,0,0
1844.0771413214777,1,0,1,0
150.5582464141926,2,0,0,0
1586.050111031868,4,0,0,0
225.17977306702295,2,0,0,0
178.715198965518,3,0,0,0
179.44465655995072,1,0,0,0
1685.1032825640086,2,1,0,0
1094.213639015969,1,0,1,0
740.3759563460444,3,0,0,0
444.4614016780681,3,0,0,0
2097.2026672943325,1,0,0,0
498.31274969744493,3,0,0,0
1696.0826628480697,3,0,0,0
578.2748811138804,3,1,0,0
473.1195658177371,2,0,0,0
621.1610598996026,0,0,0,0
358.6452754306421,4,0,0,0
1376.7773129369393,1,0,0,0
698.6028156955961,2,1,0,0
264.2425309970652,2,0,0,0
2298.3398495505835,1,0,0,0
484.33174235871127,2,0,0,0
784.2823821777635,6,0,0,0
2369.4956087096266,0,1,1,0
978.7993038573308,4,0,0,0
124.31461585777976,2,0,0,0
2810.616683932209,1,1,1,0
988.0769289348262,2,0,0,0
407.8263155513094,4,0,1,0
149.9768206164258,1,0,0,0
1580.001395680267,2,0,0,0
967.7755075628523,2,0,1,0
762.4138580490281,5,0,0,0
2243.303330536445,1,0,0,0
1553.990013696072,0,0,0,0
164.49132012634087,2,0,0,0
373.5625513958005,1,0,0,0
285.66961854883795,0,1,0,0
1362.3680618684116,1,0,0,0
34.107539857837935,1,1,0,0
843.713556386143,2,0,0,0
1437.413715859779,2,0,0,0
2093.667344385938,2,0,0,0
418.6745935450927,0,1,0,0
1721.8079635410031,3,0,0,0
117.24388509877734,1,0,0,0
1873.7439572116875,1,1,0,0
136.37963052807083,3,1,0,0
506.31463120986433,1,0,0,0
1596.00536332649,0,1,1,0
162.42178992041616,1,0,0,0
260.39302244475095,2,0,0,0
1281.0430976449054,2,0,0,0
1273.0961719916947,1,0,0,0
1024.8442087373908,1,0,0,0
1184.001709087617,4,0,0,0
782.4691011956381,3,0,0,0
290.0836992594099,0,0,0,0
424.1831937932634,1,1,0,0
200.40127451653183,3,0,1,0
2390.876139323652,3,1,0,0
875.6090546365986,1,1,0,0
512.2456594790224,2,1,0,0
619.9075063211633,3,1,0,0
2942.823736997211,1,0,0,0
166.46955012850069,0,0,1,0
882.444609108554,2,0,0,0
704.9944407931773,3,0,0,0
945.3443180030728,2,0,0,0
18.276180406497236,3,0,0,0
2056.6935225406964,0,1,0,0
2689.9885366912517,2,1,0,0
832.7154639433977,4,0,0,0
1192.8707405259581,4,0,0,0
2557.4693578456263,2,0,0,0
1228.3974533925182,2,1,1,0
165.5105091241217,1,0,1,0
858.7021498525602,1,0,0,0
933.220857034015,0,0,0,0
551.8745039228211,2,0,1,0
1333.490303883392,0,1,0,0
2723.6768857624747,1,0,0,0
2597.876213054117,3,0,0,0
599.3642963036176,0,1,0,0
120.17870455178418,2,1,0,0
4189.173989120706,1,1,0,0
1825.7181108184427,2,0,1,0
133.1459597170634,0,0,0,0
2536.307940963276,2,0,0,0
2039.4239312268635,1,0,1,0
731.5513859686492,3,0,0,0
894.7137868290748,3,0,0,0
509.1648434090136,2,0,0,0
56.31814924329379,2,1,0,0
408.2648863007411,2,0,0,0
1623.8079110661788,0,1,0,0
4.642784066342885,2,0,0,0
405.7138965901687,2,0,0,0
507.77809485467816,1,0,0,0
770.8830241238818,3,0,0,0
2523.9254761530415,1,0,0,0
425.17711089079006,1,1,0,0
426.1064859584953,2,0,0,0
1337.5089516655655,1,1,0,0
601.8777734923394,1,0,0,0
254.38247370272538,0,1,0,0
602.2823505761551,3,0,0,0
151.81992193138706,2,1,1,0
194.05450320809675,2,0,0,0
689.8880428028177,4,0,0,0
542.8762162560071,1,1,0,0
2463.2927352528127,3,0,0,0
450.03458303972826,2,0,1,0
868.9023837852719,2,1,0,0
1000.3907725178481,1,0,1,0
13.180944825659227,3,0,0,0
1089.268197035989,1,0,0,0
196.0586401992482,2,1,0,0
3245.9982722724267,1,0,0,0
160.9469043101801,3,0,0,0
535.5011145366069,3,0,0,0
89.21343765050312,1,1,0,0
5768.081615150759,2,1,0,1
697.5468656582261,0,0,0,0
904.8193240889457,2,0,0,0
69.43205082825416,2,0,0,0
1386.136255215999,0,0,0,0
235.6028382502632,3,0,0,0
2283.3148568116303,4,1,0,0
229.58882816083334,0,0,0,0
211.57042980881585,3,0,0,0
37.23434185767216,1,0,1,0
638.7857932954639,2,0,1,0
832.0441036761805,3,0,0,0
67.96694017915647,2,0,0,0
1494.0025935983722,0,0,1,0
603.8346502936217,0,0,0,0
743.1576545925968,1,1,0,0
581.1814717875803,4,0,1,0
512.0982012749214,1,0,0,0
820.1634571378747,0,0,0,0
168.70300676095547,2,1,0,0
200.8050862086255,0,1,0,0
1978.9493282961403,3,0,0,0
2920.9117092646857,3,0,0,0
467.30218747513857,2,0,0,0
315.73136569266603,4,0,1,0
1032.8232650944572,0,0,0,0
525.4895676072463,4,0,0,0
25.71414873264703,1,0,0,0
169.78360329951062,2,0,0,0
1258.6832598530455,1,0,0,0
1075.6497823175357,1,0,0,0
27.4698578844401,4,0,0,0
250.992973866705,0,0,0,0
262.761578950931,0,0,0,0
1114.4147228278518,3,0,0,0
19.907381292139405,1,1,0,0
109.93605860137282,2,0,0,0
1609.0184272962415,1,1,1,0
196.67770945178535,2,0,0,0
1057.6990889205767,3,0,0,0
272.04862220899525,3,0,1,0
104.74003348487132,1,1,0,0
278.61951641144725,1,0,1,0
1281.0948130970319,1,0,0,0
1935.8363374539297,2,0,0,0
1773.2509999755644,2,1,0,0
506.14248947508844,4,1,0,0
1102.876778404595,4,0,0,0
229.3934103289808,4,0,0,0
346.9335886125168,2,0,0,0
2266.5986286309044,2,1,0,0
13.087188396285002,0,0,0,0
89.38713963044913,2,1,0,0
233.05028023981518,1,0,1,0
26.890535224316885,2,0,0,0
200.20300329027276,2,1,0,0
874.7687287443666,1,0,1,0
547.1863183678004,5,1,0,0
2231.8630208218274,1,0,0,0
1700.6959030194785,3,1,0,0
418.27280516903204,2,0,1,0
300.3262521472785,3,0,0,0
477.5398081085377,4,0,0,0
892.3177501433053,1,0,0,0
312.0617098152729,0,0,1,0
978.5622455470876,4,1,0,0
526.6360392798111,3,0,0,0
803.0673665148445,1,0,0,0
572.925395091112,2,1,0,0
348.79997526233313,4,0,0,0
2965.2672211522035,3,0,1,0
1442.2545037326363,1,0,0,0
150.95449812302087,0,1,1,0
2028.5049277193239,4,0,0,0
668.3203296619165,1,0,0,0
2249.5394902897433,1,1,0,0
1608.7144539299004,3,1,0,0
553.7566192586073,3,0,0,0
22.725589477540115,2,0,1,0
312.9005477764867,0,1,1,0
780.0877556797963,3,0,0,0
1003.6973319345364,1,1,0,0
298.2546799289389,1,0,0,0
150.07441883071553,2,0,1,0
1801.3870871623917,1,0,0,0
4160.6241631872335,1,0,0,0
745.8945469720869,2,0,0,0
188.35486366007393,1,0,0,0
317.87647172893287,3,0,0,0
18.56188741076601,1,0,0,0
2456.888527693557,1,0,0,0
125.281043846203,4,1,1,0
859.2406688681559,1,0,0,0
320.2813286027929,3,0,0,0
807.8355154069853,1,0,0,0
1053.888633986027,0,0,0,0
1770.43919242236,3,0,0,0
231.20252750453585,1,0,0,0
11.056729631697197,0,0,0,0
147.20807068739052,3,0,0,0
2302.7715288531817,1,0,0,0
2070.6013520531224,1,1,0,0
909.8443101964925,4,0,0,0
917.583718505347,2,0,0,0
1093.7342294075124,3,0,0,0
192.82202863855215,2,0,0,0
2458.2095607713013,1,0,0,0
542.609634346318,0,1,0,0
483.11079932786845,2,0,0,0
731.716932622681,0,0,0,0
48.104664291977215,3,0,0,0
181.86170504927233,1,0,0,0
1339.5390904239632,0,0,1,0
86.4282756718436,1,0,0,0
924.2022189851156,1,1,0,0
281.5000336004408,4,0,0,0
493.14225692518835,3,0,0,0
340.65219195414596,3,0,0,0
439.5484777228535,1,0,0,0
1269.5639866386869,2,1,0,0
352.57153960555087,3,1,0,0
835.6435307057022,3,0,0,0
646.3597866902617,4,0,0,0
1089.6659230926784,0,0,0,0
2761.9216475129692,0,0,1,0
1318.9052712550429,3,0,0,0
241.99561324404732,2,1,1,0
31.679678824257845,1,0,0,0
304.1693020055879,1,0,0,0
904.0606518730973,1,0,0,0
52.795278099774684,3,0,0,0
685.9059560261888,1,0,0,0
908.4288399875602,0,0,0,0
406.8318779381004,1,0,0,0
1473.6499591467348,5,0,0,0
112.71891476467799,1,0,0,0
78.11050579224701,0,0,0,0
1302.6474102163927,3,1,0,0
684.1702266630685,2,1,0,0
1166.042655733141,1,1,0,0
570.6239991288573,1,0,0,0
282.8962537585316,4,0,0,0
1709.8236985711958,1,0,0,0
1606.52156396019,2,1,0,0
1186.4488197091214,2,0,0,0
317.6536149880321,1,0,0,0
892.1608797234643,4,0,0,0
447.80997557982204,1,0,0,0
96.05073460665322,0,0,0,0
2492.6998435376413,2,0,0,0
147.13044881952004,0,0,0,0
3000.4906531227625,3,1,0,0
590.6010127908722,0,0,0,0
204.73028191346583,5,1,1,0
780.6698461517365,3,0,0,0
2063.1417942820585,1,0,0,0
1317.6077791304738,2,0,0,0
1642.7938260737574,2,0,0,0
1075.2377151704027,2,0,1,0
1178.5538361415322,1,0,1,0
1891.7719880502796,4,0,0,0
287.2395155401201,1,0,1,0
672.2176661712414,4,0,0,0
250.01312910612234,0,0,0,0
4395.558417405329,2,0,1,0
2883.4637873204147,2,0,0,0
40.22510120537909,1,0,1,0
1222.731563195729,4,0,0,0
2593.5835574752555,2,0,0,0
199.15282538785002,4,0,1,0
839.2029176459023,2,0,0,0
2470.8652641255303,3,0,0,0
34.53552354421181,3,0,0,0
1195.4104568928853,1,0,0,0
352.8949647452128,0,0,1,0
2582.248671355676,1,1,0,0
3542.4699226222533,2,0,0,0
2887.1736812409745,2,0,0,0
642.8614051984582,4,1,1,0
1980.8107067353583,1,0,0,0
1861.427273299079,3,0,0,0
384.3405215195344,4,1,0,0
1765.5975413946533,4,1,0,0
37.70979526890972,1,0,0,0
907.0086402878069,2,0,0,0
261.3762411972857,3,0,0,0
128.47776747164406,0,0,0,0
80.07534330438274,1,0,0,0
1191.677949688237,2,0,1,0
415.326013068567,3,1,0,0
1290.1364372203777,2,0,0,0
67.58993548947433,1,0,0,0
378.7603814176782,1,0,1,0
775.4235144000495,0,0,0,0
1564.0973333379875,2,0,0,0
383.829607040159,2,0,0,0
983.2090864021626,1,0,1,0
2171.36165872427,2,0,0,0
956.7565090720861,3,0,0,0
265.2156429658495,2,0,0,0
24.703413744155224,2,0,0,0
2040.9816863741814,3,0,0,0
21.498864160261313,2,0,0,0
2077.0577666041704,2,0,0,0
752.7637204695544,1,0,0,0
2797.9918427926627,4,1,0,0
1603.3725230231253,5,0,1,0
6182.194410847326,1,0,0,0
431.87861684828374,1,0,0,0
1457.525259111458,4,0,0,0
514.0490026229409,2,0,0,0
653.6873042851913,4,0,0,0
987.5329076281154,3,1,0,0
2068.91406403239,2,0,0,0
4140.397036841308,2,0,0,0
1462.197110339225,0,0,0,0
540.8841935911419,2,0,0,0
547.0695758190242,0,0,0,0
1337.8177759736657,4,0,0,0
272.8291200595943,3,1,0,0
117.06666958066148,3,1,0,0
437.9193315941165,0,0,0,0
338.609106417826,4,0,0,0
351.41468973230553,2,0,0,0
266.06116595949675,1,0,0,0
43.00478093734733,1,1,0,0
18.03560283194906,3,0,0,0
4399.977979112302,2,0,0,0
558.219746892102,1,0,0,0
485.0387274553178,2,0,0,0
1138.332648626447,1,0,0,0
246.22525594093332,2,1,0,0
2994.956253739776,3,0,0,0
1543.3927818755863,2,0,0,0
93.66363864100695,1,0,0,0
540.5647740333898,0,0,0,0
2112.9429601408533,0,0,0,0
2895.5616031208324,1,0,0,0
629.9874431013923,2,0,1,0
950.3941725764365,2,0,0,0
182.76238925679854,2,0,0,0
4729.444686092813,1,0,0,0
263.5381650176833,1,0,0,0
2860.009331493888,2,1,0,0
1048.8130594685601,0,0,0,0
935.822222872194,1,0,1,0
718.8517525924411,3,1,0,0
262.2350280519626,0,0,0,0
194.22577002336726,0,0,0,0
249.08489862050675,1,0,0,0
206.33346355455018,1,0,0,0
1512.2407575727966,0,0,0,0
430.97564107307437,2,0,0,0
59.58300833276848,2,1,1,0
3477.0842165267745,2,0,0,0
2152.3209700260004,0,0,0,0
2627.6545538067544,3,0,0,0
5280.049769049707,0,0,0,0
191.03369657618532,2,0,0,0
504.58185489388075,3,0,0,0
1419.8034754812707,4,0,0,0
1190.7954024213375,2,0,1,0
167.11288479350685,2,0,0,0
1691.9130029863152,1,1,0,0
254.17066724058628,4,0,0,0
253.36775396964305,3,1,0,0
769.9729842908371,3,0,0,0
898.7945241869189,2,0,0,0
867.7058455294674,1,0,0,0
95.94590297101374,3,1,0,0
2099.3248112914234,1,0,0,0
308.70149766701553,0,0,0,0
138.70466096940032,3,0,0,0
2195.9580984800336,2,0,0,0
3115.676352753279,3,0,0,0
1981.4267844749622,3,0,0,0
1658.1874697336123,0,1,0,0
1064.91250119862,3,0,0,0
800.4147815698988,2,0,0,0
91.0048967523508,2,0,0,0
525.0144999102648,3,0,0,0
466.31207863061616,1,0,0,0
300.7724234762845,1,0,0,0
1285.2555799970685,2,0,0,0
684.9324839176536,1,1,0,0
84.51944723555854,0,0,0,0
248.69626118041646,2,0,0,0
1149.670127597249,4,0,1,0
79.18484019491231,2,0,0,0
1905.1986230442049,0,1,0,0
683.4870443120784,1,0,1,0
655.055137435591,5,1,0,0
897.4880765880748,4,0,0,0
1741.1479129444767,4,0,1,0
427.41813394521523,4,0,0,0
1133.2538979228511,3,0,0,0
834.0933410349736,2,0,0,0
310.6481456010707,1,1,0,0
2108.911435440358,1,0,0,0
1596.6501337527325,1,0,0,0
1074.266569384876,0,0,0,0
1901.0057185416065,1,0,0,0
2019.62063822053,4,0,0,0
1232.245320909311,0,0,0,0
1814.0868506209324,1,0,0,0
1195.5796643719839,3,0,0,0
1139.8742917288648,1,0,0,0
963.9364190221881,2,0,0,0
1397.2203916260642,1,1,0,0
172.694175461279,2,0,0,0
2127.5463180521533,3,0,0,0
2054.5033221429353,1,0,0,0
29.683511543022014,5,1,0,0
1747.6473762753137,5,1,0,0
137.96390740375563,1,1,0,0
408.1469825093086,0,0,0,0
1360.6588031607416,1,0,0,0
175.2584347295632,3,1,0,0
1703.5674221585723,1,0,0,0
1784.5902970122238,0,0,0,0
708.195305309597,3,1,0,0
6.4063486174151665,2,0,1,0
338.3273427118551,0,0,0,0
959.5294943637384,0,0,0,0
3973.163467974408,1,0,0,0
999.1657490890634,2,0,0,0
300.83969701011705,1,0,0,0
1005.1375279415504,0,0,0,0
776.4970067776713,3,0,1,0
1513.4252301294655,0,0,1,0
113.14701729582906,2,0,1,0
1431.408480736483,1,0,0,0
779.2860190698894,1,0,1,0
3296.6212777676656,3,0,0,0
418.3560899891112,2,0,1,0
1001.3636973450231,3,1,0,0
2688.6609755685513,3,0,0,0
108.15299766527461,5,0,0,0
2768.2539268387686,2,0,0,0
1164.385883557969,0,0,0,0
70.2476502911083,1,1,0,0
358.05241642823984,1,1,0,0
1231.5909951213125,2,0,0,0
69.72592739476131,3,0,0,0
872.6817290949638,4,0,0,0
424.4691315113612,0,0,0,0
969.9961904748347,1,0,0,0
46.821239277954845,2,0,1,0
2052.1128448769127,2,0,0,0
3630.1943751443414,3,0,0,0
3469.835664491751,1,0,0,0
1384.90265696123,1,0,1,0
139.36119883380576,2,0,0,0
1419.9057311603601,0,0,0,0
24.894222282511315,3,1,0,0
22.371947734473864,3,0,0,0
390.9857702172302,3,0,1,0
670.6876749216801,3,1,0,0
1471.4489225838568,2,1,0,0
1149.785726890819,5,0,0,0
590.4149873957085,3,0,0,0
319.69116255840703,1,0,0,0
5851.528761656979,4,0,0,0
555.4417901100342,2,1,0,0
600.3620484245429,2,0,0,0
178.6767924545557,0,0,0,0
1583.8167006373083,1,0,0,0
1183.1322380365739,2,0,0,0
249.44852945317598,1,0,0,0
85.9730569023787,3,0,0,0
1140.9958207372404,5,0,0,0
1062.795094423143,2,0,0,0
319.18584867373966,2,0,1,0
3013.1544063851093,2,0,0,0
163.76428319465086,1,0,0,0
566.2234725034117,1,0,1,0
2875.5684327996546,3,0,0,0
544.2571426935501,4,0,0,0
1017.5650177301028,2,1,0,0
506.8243030091396,4,0,0,0
320.50173006688124,2,1,1,0
4133.770529131774,3,0,0,0
526.5045758454232,2,0,0,0
2245.2525068481323,3,0,0,0
261.30581248389046,2,0,0,0
239.6600813788579,3,1,0,0
31.629049095555,0,0,0,0
1054.5958588759895,2,0,0,0
459.6990541722014,2,0,0,0
1997.7380588267936,3,1,0,0
640.9531147028137,2,0,0,0
3448.082341200801,0,0,0,0
205.2121782608384,1,0,0,0
2029.6855047299105,4,0,0,0
1498.7773046742975,2,0,0,0
1473.6920438900363,2,0,0,0
1862.932610814589,1,1,1,0
1431.392112603727,2,1,0,0
984.0887504235639,1,0,0,0
140.69398592758247,2,0,0,0
33.06691334998571,1,0,0,0
2536.383301814264,2,0,0,0
958.8076894307802,1,0,1,0
1592.2725389316395,3,1,0,0
656.8583602697946,1,1,0,0
124.77916417400803,2,0,0,0
133.7437491163384,1,1,0,0
1156.9788149447113,0,1,1,0
562.6557199241903,1,0,0,0
223.79967489163613,2,0,0,0
676.4760134093309,0,0,1,0
66.36305079345966,2,0,0,0
872.2054323249506,2,0,0,0
313.3327966124574,0,0,0,0
1597.3072900319619,1,0,0,0
371.5883971801938,2,0,0,0
607.3735091953125,0,0,0,0
11.688586050930903,4,0,0,0
75.20522230669786,4,1,0,0
498.3924970857172,1,0,1,0
653.8088487800127,2,0,0,0
916.3421034919133,3,1,0,0
344.8347150744582,4,1,0,0
1187.384114389186,3,0,0,0
1966.9875044031023,1,1,0,0
1513.4506386975709,3,0,0,0
40.42501639770315,1,0,0,0
654.9018415021083,1,0,0,0
110.85355080954614,1,0,0,0
277.1312827847182,3,0,0,0
4317.182655229433,0,0,0,0
153.72890217305863,3,0,1,0
690.9259562090074,0,0,0,0
962.7424349612866,2,0,0,0
1212.2233148577382,0,0,1,0
820.1824240381106,0,0,0,0
9.818895384563227,0,0,1,0
395.2098359978601,1,0,1,0
729.2130935726833,1,0,0,0
91.96891710405072,3,0,0,0
431.7478910836826,1,0,0,0
33.766845705524055,0,1,0,0
81.83768960808725,3,1,1,0
505.7108535355949,2,1,1,0
142.3885059246614,1,0,0,0
838.2674039181207,1,0,0,0
1169.458563158434,3,0,0,0
1612.3757191107593,3,1,0,0
223.3313742578472,1,0,0,0
183.30113513507695,2,0,1,0
110.44881728507568,3,0,0,0
1011.7841147041304,2,0,0,0
1225.7949395115995,1,0,0,0
32.09574673603211,2,0,0,0
2752.194054448909,1,1,0,0
53.370485679008034,2,0,0,0
779.350888095622,4,0,0,0
1234.640004061239,1,0,0,0
2047.703552454761,0,0,0,0
1252.0674728720262,1,0,0,0
1618.115872596726,4,0,0,0
414.6827491464336,2,0,0,0
1686.4545693479233,0,0,0,0
83.50644975816266,1,0,0,0
2252.050318785216,0,0,0,0
793.1716828789295,3,0,0,0
1699.8976096655188,1,1,0,0
602.0609719350464,2,0,0,0
1031.6390017200888,2,0,0,0
747.3978139587696,3,0,0,0
1315.2378349869207,2,0,0,0
85.15489988895617,1,0,0,0
62.25003131901508,4,0,0,0
283.8271575399164,2,0,1,0
173.81148651515005,2,1,0,0
2054.035557002398,1,0,0,0
247.45415818055395,4,0,0,0
3724.102809434093,1,0,0,0
410.8231243314293,3,0,0,0
201.03710397885288,2,0,0,0
1559.2130975943473,1,0,0,0
1075.0162053415186,1,1,0,0
689.5451087234338,0,0,0,0
810.4982991156206,1,0,1,0
1270.1189397289663,1,0,0,0
259.35994568670674,1,0,1,0
5608.6312320477045,3,0,0,0
3680.639977890095,2,1,0,0
1050.7530901325567,3,1,0,0
222.57177846889334,0,1,0,0
1140.1477952753687,1,0,0,0
74.93737183429329,1,0,0,0
31.13211652361948,5,0,0,0
297.97875313889654,5,1,0,0
621.0553018734389,3,0,0,0
2027.0199251908405,3,0,0,0
1298.9029788178889,2,0,0,0
1357.5379047493218,2,0,0,0
554.2435794074139,2,0,0,0
424.5485326894826,0,0,0,0
463.68565054729703,2,1,1,0
4394.063891516505,1,1,0,0
40.93574204392867,2,0,0,0
2017.6429917557389,2,1,0,0
864.3517413526624,4,0,0,0
577.3490810346595,4,1,0,0
1291.9215674888706,2,0,0,0
666.8343035992141,2,0,1,0
2066.906341267767,4,0,0,0
2309.6284796203745,2,0,0,0
547.6987013540248,4,0,0,0
324.1079070851419,0,0,0,0
897.3471219409092,0,1,0,0
2434.555939523599,2,0,0,0
236.56089895002455,2,0,0,0
975.4214576995755,3,0,0,0
998.4780002255435,3,0,0,0
1320.9300151268556,4,0,0,0
141.06562970266043,1,0,0,0
1258.16490912711,2,0,0,0
2397.253206289245,1,0,0,0
198.06456078014457,1,0,0,0
271.20959168716195,5,0,1,0
3554.1770388615114,1,0,0,0
199.6430547551579,3,0,0,0
1926.789767756658,1,1,0,0
677.8209425535491,0,1,0,0
283.9969699943705,1,0,0,0
2046.0060017448488,0,0,0,0
589.3373255599557,1,0,1,0
723.2298691011181,3,0,0,0
445.0899591778079,2,0,0,0
898.8213426850785,1,1,0,0
178.55729761763138,3,0,0,0
496.07090636347357,3,0,0,0
3487.158041821144,0,0,1,0
298.5858804240062,2,0,0,0
1069.2573845171028,1,0,0,0
393.32420438892706,2,0,0,0
1484.891690707165,0,0,1,0
140.26677961013675,3,0,1,0
3500.6104544244,2,1,0,0
604.7509221647379,4,0,0,0
269.2535434977202,1,1,0,0
76.33772255593708,4,0,1,0
186.03794010459393,1,1,0,0
733.4983454295815,1,0,0,0
410.9850798051666,0,0,1,0
1765.4098841221576,4,1,0,0
563.6771906855924,4,0,0,0
285.969236975851,2,0,0,0
960.0989165734678,2,0,0,0
1226.822606959345,2,0,0,0
182.7719476858468,2,0,0,0
183.4652701307607,4,0,0,0
37.360728009482735,0,0,0,0
1333.330120789834,4,0,0,0
1090.062525147099,1,0,1,0
643.6541696352928,1,0,0,0
1858.99249067615,2,0,0,0
1638.1983211693514,3,1,0,0
880.3310136359216,2,0,0,0
2027.0106265290026,7,0,1,1
230.47185037057355,5,0,0,0
118.69302139028458,2,0,0,0
314.3678057281079,3,0,1,0
58.78110672996271,2,0,0,0
757.5140428339439,2,0,0,0
2758.3812054019663,2,1,1,0
40.13841640938223,2,0,0,0
130.23387998311676,2,0,0,0
601.8432483019309,1,0,0,0
2716.2086538759945,0,0,1,0
380.025611056787,5,0,0,0
707.7225037713451,5,0,0,0
42.4617330010517,1,0,1,0
160.57165133641894,2,0,0,0
4314.751084533379,0,0,0,0
3355.804307819909,1,0,0,0
4.952222973827616,2,1,0,0
3032.6407986788154,0,1,0,0
1019.2096135685009,2,0,1,0
2024.3345669765108,4,0,0,0
606.4922690920095,3,0,0,0
724.8360686977711,3,0,0,0
671.08549950886,5,0,0,0
1099.2052370655833,3,0,0,0
150.4174542094572,6,0,0,0
30.43198091997127,1,1,0,0
368.0680880137809,4,0,1,0
1219.6983475408394,0,0,0,0
225.46305443661035,2,0,0,0
1119.1184093319791,4,1,0,0
3503.6303902292098,2,0,0,0
98.60639372178696,3,1,1,0
1116.5790839045362,0,0,0,0
586.5378397571735,0,0,0,0
2026.0316221935163,2,1,0,0
194.9810990586438,5,0,0,0
1179.6898763803538,1,1,0,0
1820.8708615976457,1,0,0,0
2893.4323873802728,2,1,0,0
1149.636234984622,2,0,0,0
687.5126126115396,1,0,0,0
961.9348555509415,0,0,0,0
2031.8329093679113,3,0,0,0
845.3890920690058,1,1,0,0
30.858317733905196,1,0,0,0
2672.9055072991728,1,0,0,0
1169.6575360111503,2,0,0,0
1128.597543879489,2,0,0,0
242.93199801802396,2,0,0,0
1075.5369936680888,0,0,1,0
500.6515648958588,3,0,1,0
1053.3511356872366,4,1,0,0
112.71306878269604,1,0,0,0
1072.4923184658567,5,1,0,0
7441.7229097044055,2,0,0,0
49.41299889430069,1,0,0,0
3779.8631125622287,3,0,0,0
522.4056824545972,2,0,0,0
2046.0334610157531,1,0,1,0
1525.0300569342926,2,1,1,0
837.0551059265524,1,0,0,0
1341.1267858526585,4,0,0,0
2107.96910095834,3,0,0,0
517.7500786487027,3,0,0,0
396.05922479100644,5,0,0,0
1101.396317172307,1,1,0,0
1649.4578429710734,3,0,0,0
1436.683368820512,3,1,0,0
1598.5654764477754,5,0,0,0
571.9624967418865,2,0,1,0
1702.8381063858633,0,0,0,0
128.07096265357146,2,1,0,0
786.3356283442829,4,0,0,0
5.775305516253854,1,0,0,0
392.42919094318785,4,1,1,0
456.43456262918613,2,0,0,0
504.4670351886674,1,1,0,0
1188.9765020311443,2,1,0,0
491.93534271140646,2,0,1,0
595.4645855639285,2,1,0,0
271.2106487319779,3,0,0,0
467.2104005506762,4,0,0,0
257.82509753304885,2,0,0,0
76.01308825538722,0,0,0,0
924.9495953184562,2,0,0,0
1103.261475071069,2,0,0,0
966.2437301484182,1,0,0,0
622.6776150169474,1,0,0,0
477.69034477989993,1,0,1,0
1990.2127218947548,1,0,0,0
732.0580548015936,2,1,0,0
652.3543915152494,1,0,0,0
25.976553942014473,2,0,0,0
417.40788141079764,4,0,0,0
478.3513648988052,4,0,0,0
508.8655141979992,2,0,1,0
867.9110548652707,2,0,0,0
762.7171043528689,2,0,0,0
936.2513582748197,0,0,0,0
1447.673128786881,1,0,0,0
1676.570401485165,0,0,0,0
1266.2847438313909,1,1,0,0
3112.798725004205,1,0,0,0
18.400844582700028,3,0,1,0
217.87991071251295,2,0,0,0
7.591618531415689,2,0,0,0
1042.6329264077517,3,1,1,0
2283.082010066477,1,0,0,0
279.0293442777735,6,0,1,1
2617.769166223719,2,0,0,0
62.15990193872064,4,0,0,0
2724.728923000118,2,0,0,0
433.2824793065384,0,1,0,0
106.94046139193686,3,0,0,0
665.2825488994116,1,0,0,0
296.7585630781719,1,0,0,0
335.294992591662,2,0,1,0
367.1437871612786,1,0,0,0
1624.6830199654235,3,0,0,0
774.7071381382605,2,0,0,0
372.9606957534525,4,0,1,0
942.4647609545124,0,0,0,0
1259.3117246481013,2,0,1,0
318.31174220804604,2,0,0,0
533.6663339591021,2,0,0,0
129.97895952140053,3,0,0,0
199.8535677221387,3,0,0,0
1142.9336926261701,0,1,0,0
200.20656148364725,2,1,0,0
744.7844997321,2,1,0,0
1234.5909994396854,3,1,1,0
113.03088352047043,3,0,0,0
837.7388725681468,1,1,1,0
296.4709600924841,1,1,0,0
3294.862971807926,2,0,1,0
660.7683713268071,1,0,0,0
1639.8587174353593,2,0,0,0
799.0112499936112,5,1,0,0
44.38304927986612,4,0,0,0
1002.8059835743524,3,1,0,0
3024.2005201247325,4,0,0,0
920.3284227538245,0,0,0,0
1710.302214707729,0,0,0,0
2155.946530154033,0,1,0,0
258.8740658365002,1,0,0,0
238.31409418015576,2,1,0,0
944.1270647095304,1,0,0,0
529.3774323335773,1,0,0,0
1831.7149821689238,0,0,0,0
2302.8163537128557,3,0,0,0
436.0604784235147,3,0,0,0
270.32761460844307,2,0,0,0
1516.5192957924487,2,0,0,0
321.3161227341658,1,0,0,0
1729.428925519035,0,1,0,0
551.1933007554102,1,0,0,0
1101.2655032053701,0,0,0,0
100.41201729112579,4,0,0,0
977.7920690653742,2,1,1,0
601.056137962785,1,1,0,0
883.3601040666048,5,0,0,0
183.93991492315791,1,1,0,0
1335.1213047485326,2,1,0,0
1986.2942632118777,3,0,0,0
244.29032668853938,1,0,0,0
100.61021126280097,1,0,0,0
23.922459931573993,2,0,1,0
1027.1426880495874,1,0,1,0
934.184973323918,1,0,0,0
791.1954133835657,2,0,0,0
263.8966629412888,0,1,0,0
495.7826650652052,3,0,0,0
902.576047539322,1,1,0,0
686.7017149919159,1,0,0,0
4405.133163381326,1,0,1,0
146.69161261532733,3,0,1,0
1187.9175624204636,3,0,0,0
518.0496008103994,1,1,0,0
558.9653256517157,2,1,0,0
1264.4228614190529,2,0,0,0
1179.0725753198146,2,1,0,0
4739.38680786437,1,0,0,0
137.41812413658312,2,0,0,0
109.93725004065541,2,0,0,0
1288.5827656735423,0,0,0,0
863.6672504679805,3,0,1,0
320.42659245002613,1,0,0,0
82.75068734779748,4,0,0,0
89.55087106390793,3,0,0,0
2246.118512465589,4,0,0,0
213.02903185996402,3,1,1,0
390.6329929475808,0,0,0,0
257.03183009563327,2,0,1,0
438.4992348104208,2,0,0,0
71.95136073162983,1,0,0,0
732.0123220255348,1,0,0,0
70.00684637744136,1,0,0,0
1611.222042159252,4,1,0,0
266.197307684206,1,1,1,0
776.5546911485947,2,0,0,0
2120.9228164897418,0,0,0,0
1052.332040410264,1,0,0,0
761.3356325747317,4,0,0,0
392.0560424841461,0,0,0,0
404.9681012238468,2,0,1,0
1107.1091505697361,0,0,0,0
5139.496674707305,3,0,1,0
1084.2337269652312,2,1,0,0
815.9555109679812,2,0,0,0
1311.7455241928112,2,0,0,0
625.8729279824089,1,0,0,0
62.02684348321755,2,0,0,0
826.214260143961,2,0,0,0
3161.203427295335,3,1,0,0
192.73916294070352,3,0,0,0
1171.198758468258,1,0,0,0
224.31134374225795,3,0,0,0
767.4994260264465,3,0,0,0
101.67448370236089,4,0,1,0
598.5116578458807,0,1,0,0
1411.2566585424565,1,0,0,0
427.0537614854542,0,0,0,0
1093.3612728760884,1,1,0,0
1586.9426429163502,0,0,0,0
2619.734692704209,2,0,0,0
267.4116877155556,5,0,0,0
509.6861329145348,0,0,0,0
165.3653453224028,6,1,0,0
4890.6549620480555,0,0,0,0
2617.3090971585725,4,1,0,0
776.4355987991228,2,0,0,0
1845.3709920619717,3,1,0,0
735.9669552982863,1,0,0,0
977.0648486217308,4,1,0,0
93.34897954302181,2,1,0,0
1407.601435155739,1,0,0,0
136.63733522890712,0,0,0,0
1749.0887349353393,3,0,0,0
1523.3890670186652,4,1,0,0
1233.555069093609,2,0,0,0
36.830368051553116,4,0,0,0
361.15404005155017,3,1,0,0
305.32013917912747,2,0,0,0
446.500262019517,5,0,1,0
91.72364057237763,1,1,0,0
2763.951300892074,2,0,0,0
806.9930187631816,2,0,0,0
364.5981219476022,1,0,0,0
505.8074311065991,0,0,0,0
592.7636022426302,3,0,0,0
917.7776702207921,3,0,0,0
725.0082520454396,3,0,0,0
2518.1570465176464,2,0,1,0
687.0925129207895,3,0,1,0
4848.263265360235,3,0,0,0
1906.6651133282803,0,0,0,0
233.83868383943187,1,0,0,0
2667.7994605888543,4,0,0,0
123.71277950994295,1,0,0,0
1700.7295740107259,2,1,0,0
479.04161866709717,3,0,0,0
2103.523768243236,1,0,1,0
2025.3829191556267,1,1,0,0
1639.5126583574474,4,1,0,0
1560.792693564261,5,0,0,0
363.38186959178677,1,1,0,0
84.38132920074946,1,0,0,0
515.8049647422996,5,0,0,0
190.58502336665757,0,0,1,0
1187.283150977474,2,0,0,0
424.8004262131064,1,0,0,0
3713.590302127083,2,0,0,0
1024.3551145361243,2,0,0,0
1728.6751754099375,1,0,0,0
142.16820876655945,3,0,0,0
1980.606543336451,3,0,0,0
2560.801448616133,3,0,0,0
667.6001405482493,1,1,0,0
932.0465498249906,0,0,0,0
1447.3607343318376,2,0,1,0
192.17630845457927,1,0,0,0
698.2925482163945,4,0,0,0
508.5998156695678,4,0,0,0
158.26211104526104,1,0,0,0
458.1294824567315,0,0,0,0
70.6073627041102,2,0,0,0
26.150879968812646,2,0,0,0
145.2180323285636,4,0,0,0
3299.9533399771076,1,1,0,0
797.4627665581229,1,0,0,0
3376.177831884106,2,0,0,0
566.5107910082498,6,0,0,0
373.69922833070405,1,1,0,0
705.5069747772998,0,0,0,0
578.9468906265483,1,0,1,0
111.67450059839193,1,0,1,0
1023.9492043974927,0,0,0,0
243.39496199833067,1,1,0,0
966.5002845057637,1,1,0,0
1050.3968393246196,4,0,0,0
164.90395155444642,6,0,0,0
63.312208950531385,1,0,0,0
1517.5954932239301,1,0,0,0
615.8166220913863,1,1,0,0
59.92390010381585,2,0,1,0
5271.931976736665,0,0,0,0
59.51708142442369,5,0,0,0
1187.5590135001512,2,0,0,0
4115.298077656953,2,1,0,0
273.35861695714704,1,0,1,0
153.44186123358494,1,0,0,0
129.40840602400937,1,0,0,0
361.36470594110983,6,0,0,0
106.5232035515615,2,1,0,0
1178.1794699281834,1,1,0,0
64.31646379952709,0,1,0,0
712.1712524346368,4,0,0,0
5712.879886799935,0,0,0,0
1681.8487766767155,4,0,0,0
955.0820766198736,1,0,0,0
365.64883308698523,3,0,0,0
977.8891428190236,2,0,0,0
748.7475558795343,2,0,0,0
555.2711613166957,3,0,0,0
140.07892586034512,1,0,0,0
2176.8710598120474,1,1,0,0
597.4455297927822,1,1,0,0
216.44418206141358,2,0,0,0
458.48518338293525,1,0,0,0
534.6569346201339,1,1,0,0
1757.5777510905332,1,0,1,0
1322.8103228592781,3,0,0,0
1466.6583261701917,6,0,0,0
11.092560021533863,2,0,0,0
538.1180264409754,0,0,1,0
656.5147210381607,0,1,0,0
19.3788394664463,3,0,1,0
300.8527040218263,3,0,1,0
1428.324681714378,4,0,0,0
147.46771733388928,2,0,0,0
766.3850452648581,0,0,0,0
242.32875607689377,2,0,0,0
12.19483024877762,3,0,0,0
276.0189618502993,2,0,0,0
3724.455023142878,1,0,0,0
1617.1531579615473,2,0,0,0
3208.3475501912335,2,0,0,0
669.145624111168,1,0,0,0
116.2374541951925,1,0,0,0
793.9834770016945,4,0,0,0
605.8276310869285,2,1,0,0
1860.1908873998093,4,1,0,0
103.23231608662383,1,0,0,0
669.9017356298463,1,0,0,0
162.57618371792447,3,0,1,0
392.5625950137044,2,0,0,0
1336.959878024791,1,0,0,0
646.2981932916177,1,0,0,0
471.4258964215926,1,0,0,0
501.66154015857825,1,0,0,0
615.1621609169232,0,0,1,0
1537.194201894464,3,0,0,0
2226.4085163237464,4,0,1,0
3108.5580630223,1,0,1,0
1546.0096304556976,3,0,0,0
378.9306256040513,0,1,0,0
1165.1839346810204,3,0,0,0
575.5474933648939,1,1,0,0
293.9290402489777,2,0,0,0
1838.0437261905784,3,0,0,0
39.18411674375606,2,0,0,0
2320.362093040372,1,0,0,0
618.9259348392796,1,0,0,0
1013.9076313345574,2,1,0,0
1076.9112357162621,1,0,1,0
2254.9168980590207,2,0,0,0
1012.4428920042711,2,0,0,0
951.745864110872,3,1,0,0
68.97720078190541,5,0,0,0
730.6580419892181,2,0,1,0
162.7177737566215,2,0,0,0
1337.251919142745,1,0,0,0
717.8947323254283,4,0,0,0
1140.1463466715084,2,0,0,0
42.566119416354354,2,0,0,0
88.60393466847853,0,0,0,0
1259.9203799829265,1,0,0,0
74.81442963462634,1,1,0,0
73.92292686901209,1,0,0,0
12.18238000979597,2,0,0,0
3135.026486219789,3,0,0,0
1337.5360430156609,3,0,0,0
435.79763573369917,4,0,0,0
351.7379812300988,3,0,0,0
430.3264506668801,1,0,0,0
1490.1161997316503,3,1,0,0
1082.8490176285034,1,0,0,0
204.80715510999963,2,1,0,0
191.2928814550219,0,0,0,0
103.57949119433948,1,0,0,0
1079.7004100335128,1,0,0,0
1445.5037992237158,4,0,0,0
307.94794955359026,1,0,0,0
21.167418451615127,2,0,0,0
85.74490745693609,2,0,0,0
3437.655002837343,1,0,0,0
350.18856530362535,3,0,0,0
1466.3040433040203,4,0,0,0
979.932505488038,0,0,0,0
481.1691558293258,2,0,0,0
230.27801895590352,2,1,0,0
129.41008905710117,5,0,0,0
954.5456284794806,2,0,0,0
1490.0285583409177,2,0,0,0
1032.5556335637089,4,1,0,0
755.6656276864724,1,0,0,0
42.85658730910904,4,0,0,0
3457.411529753554,3,0,0,0
1603.0294488443599,6,0,0,0
346.4729286376472,0,0,0,0
3910.5405727172183,3,1,0,0
921.00580446948,1,0,0,0
873.2855020448503,1,1,0,0
1378.6166282050144,2,0,1,0
1670.0895338438768,2,1,0,0
1068.5058907480495,1,1,0,0
137.07566198038495,2,0,0,0
412.89389231550825,3,0,0,0
2632.251506424206,2,0,0,0
254.39638787094393,2,0,0,0
465.4811094126797,4,0,0,0
565.769226718731,1,0,0,0
578.756540923333,0,0,0,0
949.1744805522319,3,0,0,0
2866.035383780196,2,1,0,0
275.34872427418645,5,0,0,0
129.54093800495235,3,0,0,0
219.98665189386477,7,0,0,0
2179.703081100552,1,0,0,0
1037.9240810762278,4,0,0,0
336.7417778790184,1,0,1,0
1692.5311877747204,2,0,1,0
1975.9467391996955,4,0,0,0
1874.1481279810755,2,0,1,0
2512.399543274232,0,1,0,0
290.6745724146154,2,0,0,0
1406.6682208230554,2,0,0,0
617.1857078521142,0,0,0,0
1845.1510870734517,1,0,0,0
1303.7588019347568,3,1,0,0
1498.108753865593,0,0,0,0
1067.5841906842093,1,0,0,0
195.32019762394586,1,0,0,0
787.5170241922046,2,1,0,0
4177.926595016946,0,0,0,0
2770.7993880074328,0,0,0,0
44.133446117586075,0,0,0,0
180.1018011507549,3,0,0,0
141.25114015268525,3,0,0,0
1294.5538540603868,0,1,0,0
1702.5697806958462,2,0,0,0
240.1770083500529,3,0,0,0
704.921613839529,5,0,1,0
1836.9850704778037,3,1,0,0
1319.7636186471764,1,0,0,0
781.4041449537949,3,0,0,0
892.4465045700323,2,0,0,0
710.009650068406,0,0,0,0
353.1788500016205,2,0,0,0
832.4598074681555,4,0,0,0
1167.5936310968125,3,0,0,0
2066.1140751074527,2,1,1,0
1011.4021548748544,3,0,0,0
1431.800379585526,3,1,0,0
174.43867048912378,1,0,0,0
619.074518666376,1,0,0,0
9.375432164456157,5,0,0,0
283.2636673578669,2,0,0,0
1296.3136856112858,4,1,0,0
4804.835440886139,4,0,0,0
104.44770971109277,2,0,0,0
513.3192567214193,2,0,0,0
1609.7928189017482,3,0,0,0
228.20086126156374,4,1,0,0
809.8719123476156,1,0,0,0
1320.7736825681357,2,1,0,0
957.0748371647658,1,0,0,0
208.28540063345005,6,0,0,0
439.1013705229907,2,1,0,0
1531.5133748939875,2,0,0,0
807.9443351961764,1,0,0,0
5.243335834244976,4,1,0,0
1431.2530668276238,2,0,1,0
35.949877311554204,3,0,0,0
1369.373461353044,1,0,0,0
226.24906865187216,4,0,0,0
3171.8367195597857,4,1,0,0
458.7721412896034,0,1,0,0
395.9083443033564,8,0,1,1
161.2116083351189,3,0,1,0
364.7131863488572,2,1,0,0
2092.735612176639,3,0,0,0
5608.746230709056,0,0,0,0
459.3557682687801,2,0,0,0
595.3140605103695,2,1,0,0
1280.3893712449096,1,1,0,0
2173.275679463014,3,0,0,0
899.0510286786167,2,1,0,0
496.8005994559315,2,0,0,0
532.0864431503372,2,0,1,0
1189.4722687558444,3,1,0,0
3.223453352234625,3,0,1,0
966.5039188925853,3,0,0,0
439.26961172974956,1,0,0,0
1580.837488110796,2,0,0,0
97.60250898985603,3,0,0,0
887.2229893778367,0,0,0,0
655.7991618936114,3,1,0,0
1028.1319964746447,1,1,0,0
67.05217851068186,1,0,0,0
867.4619670881443,0,0,0,0
824.3603206028805,2,0,1,0
822.481893100684,3,0,0,0
925.0481327074117,2,0,0,0
1128.457057823754,4,0,1,0
1634.6993101159928,1,0,0,0
314.4651861262493,2,0,0,0
1743.2516888112311,1,0,0,0
689.6646162596095,2,0,0,0
80.18918746336912,4,0,1,0
60.335026075057606,0,0,0,0
406.8235083602549,3,0,0,0
1536.6381893970083,1,0,1,0
1229.9093840207843,2,0,0,0
1554.0739964735976,1,0,1,0
728.295833215188,2,0,0,0
580.1739118979033,3,0,0,0
159.52638422688284,3,0,0,0
397.7838153323653,1,0,1,0
569.1954172192331,1,1,0,0
92.77387160256173,3,0,1,0
249.246221980613,5,0,0,0
911.863780458761,1,1,0,0
1330.530906909701,3,0,0,0
6405.472880634143,1,0,0,0
2704.7556044043154,1,0,0,0
1028.8023098028725,2,0,1,0
546.8813099485977,0,0,0,0
1011.0887957798544,2,0,0,0
1540.1526347430927,2,0,1,0
125.94446448603402,1,1,0,0
527.4715511697289,4,0,1,0
1831.3465118380304,5,0,0,0
484.2371702849132,2,0,0,0
848.3336962100451,1,0,0,0
886.1722825317389,2,1,0,0
203.92473795035093,3,0,0,0
449.7860945489304,0,0,1,0
407.23360408863493,1,0,0,0
26.54595521466961,5,0,0,0
24.489191270530316,3,0,1,0
1781.9896121391394,0,1,0,0
318.92620643003505,4,0,1,0
729.9745937185206,2,0,0,0
354.85599007989305,2,0,0,0
2824.796036158523,1,1,0,0
300.15521820059433,4,1,0,0
561.5170164185904,1,0,0,0
2061.4464331155928,1,0,0,0
1844.7398709821284,3,0,0,0
205.91951269056196,2,0,0,0
1622.7425772487939,2,0,1,0
612.8341464824549,1,0,0,0
659.6521975537926,2,0,0,0
143.27005689790263,2,0,0,0
84.03564207332337,1,0,0,0
1301.7301014514392,2,0,0,0
686.09441459685,1,0,0,0
574.2105041411313,3,0,0,0
1307.513601315038,0,0,0,0
1450.3546989673853,1,1,0,0
173.05443076039947,2,0,1,0
942.186012916847,3,1,0,0
145.43519952787474,3,0,0,0
1391.8098878273495,0,0,0,0
1069.894100615944,1,1,0,0
3137.6327859603243,2,0,0,0
71.45090750853228,0,0,0,0
58.74702682483746,2,0,0,0
331.54629359486404,3,1,0,0
303.4127313563832,2,0,0,0
283.6618962957272,4,0,0,0
2367.172474216309,2,0,0,0
287.0771885636066,2,0,0,0
317.38517565419477,0,0,0,0
1424.612253597161,0,0,0,0
597.364098865057,2,0,0,0
1499.2863982584597,1,0,0,0
67.60043876192516,1,0,0,0
668.5934921037367,3,1,0,0
34.19152493794983,2,1,0,0
64.70195151063191,4,0,0,0
2369.125118145484,3,0,0,0
149.94579904644505,2,1,0,0
760.1862810622099,1,0,0,0
529.4914219185614,1,0,0,0
426.70405559453656,2,1,0,0
2300.9199370088268,5,0,0,0
22.06504935500153,4,0,0,0
1090.0183808326894,1,0,0,0
3307.554979468367,0,1,0,0
821.362860280852,0,0,0,0
2761.8064529191192,5,1,1,0
53.67283829582405,4,0,1,0
542.6488522972961,2,0,0,0
301.3183465506887,2,0,0,0
1312.3785630731404,4,0,0,0
3979.0761788416826,3,0,0,0
296.4269475836514,6,0,0,0
1061.8212598300315,0,1,0,0
220.76841513427965,3,0,0,0
833.1687421479584,1,0,1,0
623.4951681723219,1,0,0,0
3575.7411309081153,1,0,0,0
937.8394280377333,5,0,1,0
430.0237767529106,6,0,0,0
121.14644357562017,1,1,0,0
163.9868637214363,2,0,0,0
255.3012751408823,0,0,0,0
288.9717855613698,0,0,0,0
1901.2354942631105,4,0,0,0
823.7634851167945,2,0,0,0
741.0586447854434,1,0,0,0
121.9065063412979,2,1,0,0
1967.1111641550874,0,0,0,0
1283.0676118738606,0,0,1,0
70.06669271951631,2,0,0,0
1230.4369006024542,2,0,0,0
784.2503006173839,0,0,0,0
85.25874546966827,2,0,0,0
613.0441206067024,1,0,0,0
662.998818414935,3,0,0,0
181.25157762181647,4,0,1,0
2913.196927399496,4,1,1,0
1896.9558082346848,2,0,1,0
1105.704390260218,4,1,0,0
620.4462396688857,4,1,1,0
530.629671756844,2,1,0,0
1052.6073343140586,2,1,1,0
788.4074743037925,0,0,1,0
64.29653002712655,4,1,1,0
718.4704219340355,3,1,0,0
1641.9797883681324,2,1,0,0
614.7794951322301,3,0,0,0
53.35497350844933,3,1,0,0
1543.0801068112369,2,0,0,0
224.849733685874,6,0,0,0
299.24309074837026,1,0,0,0
179.97194341740163,2,0,0,0
400.7986104717142,2,1,0,0
1413.6717478165162,2,0,1,0
732.6905335240428,3,0,0,0
229.26383478708843,2,1,0,0
2102.3424012654878,3,0,0,0
2116.7850510798344,1,0,0,0
2044.6801801024367,1,0,0,0
272.8541664069208,0,0,0,0
600.0928964322931,6,0,1,1
4199.015724929951,2,0,0,0
1478.4643721827786,6,0,0,0
27.543278636881524,2,0,0,0
67.42758781911051,1,1,0,0
623.4930977710628,1,0,0,0
2399.3185496536807,0,0,0,0
773.7105860039205,2,0,0,0
688.7817390488921,2,1,0,0
111.46097451660441,5,1,0,0
1069.3839431309625,1,0,0,0
1726.5514506301995,1,0,1,0
478.71346196718423,2,0,0,0
1494.3779183383717,2,0,1,0
3337.565162052098,2,0,0,0
227.8627431134131,0,0,0,0
740.9300777021357,3,0,0,0
338.4673668890539,3,1,0,0
1574.333443217474,3,0,0,0
861.7868409396449,1,1,0,0
1006.714517833276,3,0,0,0
1599.0627194510662,1,0,0,0
504.1321959217804,2,0,1,0
2466.1642126129655,2,0,1,0
761.4878374553812,1,0,0,0
171.92161158931836,5,0,0,0
1190.395784496388,1,0,0,0
1576.2998459239548,2,0,0,0
380.9115447957103,1,0,0,0
1946.1649805133623,4,0,0,0
2365.9856460311667,2,1,1,0
324.2139595704644,1,0,0,0
4105.697122281738,1,0,0,0
151.65059038050552,1,0,0,0
225.66631631467578,3,0,0,0
203.61650026757172,1,0,0,0
2244.2191141841326,1,0,0,0
1062.1623885347033,3,0,0,0
164.9976262503038,3,0,1,0
580.3961948898719,2,0,0,0
955.2863355479618,0,0,0,0
87.15402533365734,1,0,1,0
2140.605440342273,2,0,0,0
1627.6198844536082,1,1,0,0
703.6153280818361,0,0,0,0
3415.0919230500876,0,1,1,0
540.8742270293948,0,0,0,0
4142.085376451174,2,0,0,0
1102.379371634689,0,0,0,0
1006.957709493521,0,1,0,0
181.46779570663477,5,0,0,0
2136.458624088056,3,0,0,0
557.7245313502252,1,0,1,0
177.0157444826844,0,1,0,0
12.687669122935624,2,0,1,0
820.4254417138757,0,0,0,0
749.5051146585031,1,0,0,0
1270.659844747094,1,0,1,0
2209.623605735428,2,0,0,0
82.7368001805495,2,0,0,0
1314.8912937605926,3,0,0,0
207.53099415526916,2,0,0,0
1953.1758525685584,2,0,0,0
1709.6092146110045,2,0,0,0
778.2558342991005,0,0,0,0
1238.7119433120627,2,0,0,0
377.38815061139644,0,0,0,0
637.0842867894617,0,0,0,0
1723.9339059589627,4,1,0,0
614.8263184240825,2,0,0,0
442.85279618655625,3,0,0,0
681.6385540848643,4,0,1,0
1761.7109952674239,4,0,0,0
408.28114046433365,1,0,0,0
190.8719189412956,3,0,0,0
1244.8434817352836,1,0,0,0
1748.574773284898,3,0,0,0
106.06907609808842,1,0,0,0
274.2712183081353,2,0,0,0
153.11853406083515,3,1,0,0
427.6208615560562,1,1,0,0
598.4753479202121,4,0,0,0
1381.6106944838227,2,0,0,0
1053.1063255355016,0,0,0,0
970.030615348931,1,1,1,0
434.443371406971,0,0,0,0
1841.6698450343083,1,0,0,0
637.3098440439261,4,0,0,0
3868.242416594891,2,0,0,0
1005.5103770097726,2,0,0,0
134.97785718102526,1,0,0,0
1127.5599445107553,1,1,0,0
393.19669691961025,4,0,0,0
1159.4048640248864,4,0,0,0
72.18490506954433,1,0,1,0
192.22819045912152,4,0,0,0
1936.1190510181302,0,0,0,0
257.70854330678486,2,0,0,0
1814.2574121128318,0,1,0,0
327.4991393787473,2,0,0,0
1029.6887677502348,1,0,0,0
1184.6623684296387,3,1,1,0
718.7824812885494,3,1,0,0
364.2905501889821,0,0,0,0
239.0752601646858,2,0,0,0
33.75261921056072,0,1,0,0
362.3286119012093,2,0,1,0
1058.89974609222,1,1,0,0
2785.549445909374,3,0,1,0
2049.529266096399,2,0,0,0
1452.711024747378,1,0,0,0
1553.2813434137013,2,0,1,0
1093.5796839216732,3,1,0,0
301.4928132972702,3,1,0,0
2377.2550921950906,0,0,0,0
1110.8842174200688,1,1,0,0
821.9824878863803,4,0,0,0
117.64619788426465,3,0,0,0
592.4977233839371,1,0,0,0
616.8498248029955,0,0,0,0
1999.2531918569643,4,0,1,0
791.0868989857644,1,0,0,0
478.6820564475785,3,0,0,0
3763.617160352339,1,0,0,0
117.34379962675851,2,0,0,0
549.130698651335,4,1,0,0
42.93325830688141,1,0,0,0
1346.7049496631457,4,0,0,0
2501.9700311638776,2,0,0,0
328.55591491401935,3,0,0,0
1954.3372955128295,4,0,0,0
345.61946791829934,5,0,0,0
2416.539784613971,1,1,0,0
1402.2688916121695,2,0,0,0
1634.2777671764386,3,0,0,0
18.170646414164462,0,1,0,0
3291.724972436397,1,0,0,0
1297.0790521646832,2,0,1,0
363.48536139772295,0,1,0,0
1768.4023716049078,2,1,0,0
330.6190776073191,4,0,0,0
2061.6317974144163,3,0,0,0
119.43734248109422,2,1,0,0
1216.3355000441866,4,0,1,0
778.0483709672553,3,0,0,0
101.51732152650952,0,0,0,0
276.93183488830135,2,0,0,0
12.48160847502802,5,1,0,0
632.556376660282,1,0,0,0
358.48409483719445,2,1,0,0
912.1928504155719,2,1,1,0
352.7367199452367,2,1,0,0
356.5593956246741,1,0,0,0
1359.4312228270262,2,1,1,0
49.340293239955365,0,0,0,0
2331.9623621911787,0,0,0,0
1912.3275316140762,0,1,0,0
1102.032179513412,2,0,1,0
899.4866400763401,5,0,0,0
2228.428890443056,3,0,0,0
204.97237608398876,4,0,0,0
82.26176032410241,1,0,0,0
273.7925400343189,2,0,0,0
1582.690235862734,3,0,1,0
35.28554349532651,2,1,0,0
874.2059392195671,3,0,0,0
5389.888108860084,5,0,0,0
1935.833743835769,3,0,1,0
736.9855720088177,1,0,0,0
65.75623215253151,2,0,1,0
1780.0691543267392,1,0,1,0
913.7402575437055,2,1,1,0
122.09192730281728,1,0,1,0
98.5584630744615,2,1,1,0
2403.8077307843387,1,0,0,0
1106.242110688051,3,0,0,0
1767.7703195224049,3,0,0,0
2111.7903707549413,3,0,0,0
848.1003370649202,0,0,0,0
728.6631763115787,0,1,0,0
562.8690420945743,1,0,0,0
381.18222011338315,1,0,1,0
570.2146898831338,4,0,0,0
1486.6879246667258,1,0,0,0
921.1109078171103,2,0,0,0
2230.481105629336,1,0,0,0
585.872523921944,2,1,0,0
934.1736287652889,0,0,1,0
997.7924596909264,4,0,0,0
895.7461306595129,2,0,0,0
1212.7908125529777,0,0,0,0
271.06551971661276,2,0,0,0
718.1855969024139,3,0,0,0
110.06579347833083,2,0,0,0
485.3387374990597,2,1,1,0
668.7806086687532,2,1,0,0
1056.1974309192883,0,0,0,0
3006.410131231943,0,0,1,0
917.9197243331002,1,0,1,0
1360.992826356592,3,1,0,0
705.7584888556772,4,1,0,0
1005.4062247174016,2,1,0,0
73.57357849613004,2,0,0,0
293.5547238851391,2,1,0,0
449.1867607094905,0,1,0,0
639.5938165672087,0,0,0,0
46.72348400234121,0,0,0,0
150.8509105379972,0,0,0,0
324.08925410334115,1,0,1,0
3558.9988992315907,2,0,0,0
402.490048644112,3,0,0,0
657.859302628751,6,0,0,0
218.277550445643,3,0,0,0
943.610725139916,2,0,0,0
329.45342791141206,2,0,0,0
231.92269854925019,0,0,0,0
726.8541893244205,1,1,0,0
5.521011937309773,2,1,0,0
7.693552270400302,1,1,0,0
247.2682368674306,1,0,0,0
37.412565838195825,0,0,0,0
114.31801916276622,0,0,0,0
413.79064340503083,3,0,0,0
1622.450609425646,1,1,0,0
848.7457425913127,1,0,0,0
718.8091009880626,4,0,0,0
347.41625703664744,3,0,0,0
2684.632343586216,2,1,0,0
505.8630265746683,5,0,0,0
91.12101011657559,2,0,1,0
959.893976209954,1,0,0,0
120.85594487066291,4,0,0,0
423.4607774232656,4,0,1,0
708.0820297197461,4,1,0,0
2073.2410022989166,3,0,0,0
680.322924655953,1,0,0,0
1211.5305120925102,3,1,0,0
4936.01574197811,0,0,0,0
140.97516591598156,0,1,0,0
321.21338304690164,4,1,0,0
501.8263648364749,5,1,0,0
547.884185521464,2,0,0,0
529.3648774062827,1,0,0,0
2381.7473827119143,1,1,0,0
1251.8776161694254,1,1,0,0
936.2516676317526,3,0,0,0
370.15498982939886,0,0,0,0
1736.0809938777113,2,0,0,0
3102.438393798156,0,1,0,0
1721.4778108650662,2,0,1,0
1.5663312480417482,0,0,0,0
1011.7046850671212,5,0,0,0
52.48914749504456,2,0,0,0
297.87682322247565,2,1,0,0
61.36989358196631,7,0,0,0
925.824668128792,1,0,0,0
1160.2427654447604,3,0,1,0
121.588861456813,0,0,0,0
484.2467961493604,1,0,1,0
609.2408857707893,2,0,0,0
460.5334481187394,1,0,0,0
128.9988236641173,2,1,0,0
542.9146641838807,0,0,1,0
1391.017689728074,1,1,0,0
73.65479050723611,0,0,0,0
83.5772955647598,4,0,1,0
438.1504387364303,2,0,0,0
2842.594305527841,1,0,0,0
1104.3466388409176,0,0,0,0
1135.286511699683,8,0,0,0
449.2915972898056,1,0,1,0
900.5669785734461,3,0,0,0
10.182853752543085,2,0,0,0
1010.8653099260425,1,0,0,0
2445.1508595398127,1,0,0,0
948.2290438928433,4,0,0,0
2069.0841132375435,1,0,0,0
1287.2567929071608,1,1,0,0
128.46813702599704,2,0,0,0
2327.4241159817743,2,1,0,0
68.7541617901371,0,0,0,0
763.4998458928469,2,1,0,0
153.3110102075156,1,0,0,0
11.775672614482025,3,0,0,0
548.2406856437376,1,0,1,0
349.6152191903776,2,0,0,0
665.5329742231592,6,1,0,0
860.8557570924073,3,0,0,0
44.72446625591256,0,0,0,0
131.25204388468148,2,0,0,0
817.8998397282467,4,0,0,0
420.32601619105793,0,0,0,0
1306.2768385614584,3,0,0,0
1056.3912212517102,2,0,0,0
1868.236899497368,3,0,0,0
1179.2568641026974,2,0,0,0
561.9980086040061,3,0,0,0
1117.693041105615,1,0,0,0
322.1095199801293,3,0,0,0
365.7351478809945,1,0,0,0
1555.8268158503172,5,1,0,0
591.3481289156753,0,0,0,0
1601.3722302693466,6,1,0,0
1728.3474342218728,3,0,0,0
1948.8508322579455,2,1,1,0
2484.529550993177,3,0,0,0
563.8488706998093,1,0,0,0
383.9974241431472,3,0,1,0
872.7494298500833,1,0,0,0
463.89818297258995,2,1,0,0
918.9797610752634,2,0,0,0
1222.767872369461,1,0,1,0
1166.0510706740872,2,0,0,0
469.2885042407799,2,1,0,0
182.55382580481637,2,0,0,0
563.0480135978611,5,0,0,0
153.8438949861005,1,0,0,0
2208.1574405370666,0,0,0,0
424.46057617394007,4,1,0,0
167.7795035251999,4,0,0,0
25.77715439667666,3,0,0,0
1037.9567580206074,4,0,0,0
1013.08338299682,2,1,0,0
416.4312671107416,0,0,0,0
74.41312977627453,0,1,1,0
527.0039481117462,3,0,0,0
372.8297255282833,4,1,0,0
1130.4765231587014,2,1,0,0
930.8442460058355,0,0,0,0
453.49068655889175,0,1,0,0
245.76314922424828,1,0,0,0
4425.85030936453,1,0,0,0
605.1392724652937,2,1,0,0
1165.6314385193248,0,0,0,0
151.46608209468255,0,0,0,0
664.7340822689206,1,0,0,0
27.922962422925313,2,0,1,0
704.117369470702,1,1,0,0
3324.7199885121486,4,0,0,0
484.84394479474196,2,1,0,0
39.776720774783136,3,0,0,0
31.445044725836535,2,0,0,0
491.0013626300815,3,0,0,0
174.38307385113086,0,0,0,0
23.629077081200563,4,0,0,0
1411.4629041429105,2,0,0,0
613.4547044538153,2,0,0,0
341.4271728293356,1,0,0,0
2303.4172693215432,2,0,0,0
123.45542349786531,1,0,0,0
3121.7225481409746,1,0,0,0
376.82913549052626,0,1,0,0
2192.867135568108,3,0,0,0
923.6751206847723,5,0,0,0
1752.773551376384,2,1,0,0
4135.989596000282,1,0,0,0
340.2469648986117,0,0,1,0
3247.673665959655,1,1,0,0
493.44732969162186,2,0,0,0
486.9657232099602,0,0,0,0
416.1021376304796,2,0,0,0
779.5934968938802,1,1,0,0
167.40737991188658,1,1,0,0
806.7896422915674,5,1,1,0
780.2417880895127,0,0,1,0
1435.0721383064956,2,0,1,0
1793.6610477084535,0,0,0,0
580.6069315450654,0,0,1,0
360.0137248289467,0,1,0,0
300.20670904213733,3,0,0,0
216.44582711012188,4,0,0,0
59.375957808380804,4,0,0,0
419.23139841698975,1,0,0,0
315.05010670516896,2,0,0,0
3393.746782429661,2,0,0,0
815.7868496541154,1,0,0,0
426.6024955171008,3,0,0,0
868.6145236225726,3,1,0,0
149.88925750214477,2,1,1,0
587.065673442903,1,0,0,0
984.1262057820113,3,1,0,0
671.185770979475,0,0,0,0
513.794694855752,3,0,1,0
5091.04126394246,2,0,0,0
2122.8900002467967,1,0,0,0
976.5874838068078,3,0,0,0
842.5231203811369,3,0,1,0
969.3236433199543,2,0,0,0
224.78503258578505,3,0,0,0
502.75452169019684,2,0,0,0
40.259166365760215,1,0,1,0
645.3976290435795,3,0,0,0
783.1256837529745,1,0,0,0
258.4466054589457,2,0,0,0
3325.0379718997765,2,0,0,0
2401.904017398643,4,0,0,0
1280.649533523795,1,0,0,0
762.2542630659325,1,1,1,0
2039.9836231826205,2,0,0,0
140.01216907623092,3,0,1,0
1563.078291428235,1,0,0,0
133.32662955202383,1,0,1,0
1580.9022671741686,2,0,0,0
322.64289979134264,1,1,0,0
2096.307625950449,2,0,0,0
2883.1555463501636,2,1,0,0
161.1034252146096,1,0,0,0
621.1532794591166,1,0,0,0
3962.652213142971,2,1,0,0
660.5007924873811,1,1,0,0
1991.7788752652125,2,1,0,0
888.5090469242499,2,1,0,0
470.53162128036416,3,0,0,0
336.5692190600759,3,0,0,0
227.18055290838637,2,0,0,0
1434.6370292169554,4,0,0,0
488.6410428023759,4,0,0,0
715.9562656140621,1,0,0,0
677.9147454089091,3,0,0,0
861.0429611735501,1,1,0,0
2006.764817913147,0,0,0,0
3949.6907913356827,3,0,0,0
523.5465402486668,3,0,0,0
1757.467741897353,0,0,0,0
1446.1623965025863,0,0,0,0
852.2107958446627,4,1,0,0
3124.637665197935,1,0,0,0
223.73687170445015,4,1,0,0
115.7074278197645,2,0,0,0
1923.888190892786,2,0,0,0
578.3014619474765,3,0,0,0
1877.113811032593,2,0,0,0
2235.769839287117,2,0,0,0
64.4932886875834,0,0,0,0
2149.561588070323,3,0,1,0
594.7853986684247,2,0,0,0
714.2329082461057,2,1,0,0
985.0849920853021,1,0,0,0
2608.8739595647758,1,0,0,0
19.301169365585842,1,0,0,0
647.8745639378233,3,0,0,0
1163.8615981336584,1,0,1,0
1282.6804175451045,4,0,0,0
1179.385665711108,2,0,0,0
144.37295559530932,1,0,0,0
355.81187130977406,1,0,1,0
444.2821224093347,3,0,0,0
1631.8737627865214,2,0,0,0
326.783149176632,0,0,1,0
236.61509123624856,3,0,0,0
3157.0288689500085,1,0,0,0
8.902797672285237,0,0,0,0
6128.822993904087,6,0,0,0
1129.5498544367533,1,0,1,0
1762.99301643837,4,1,1,0
349.0177585049206,3,0,1,0
14.418729738011521,3,1,0,0
1338.9128784347004,3,0,0,0
1796.6389364934007,3,0,0,0
1348.9066035480942,1,0,0,0
154.1426817102217,0,0,0,0
1400.1009236042541,1,1,0,0
1465.0033477280165,1,1,0,0
1074.526247331881,0,0,1,0
1452.9297256924133,1,0,0,0
1870.2926746788048,3,0,0,0
950.8928243129304,0,1,0,0
92.77857239491574,0,0,0,0
668.7039837876222,2,0,0,0
80.82979657432533,1,0,1,0
523.4770348253353,4,1,0,0
522.7404730506311,0,1,0,0
68.28938057355076,2,1,0,0
428.9699972993807,4,0,0,0
117.6559048780725,2,0,0,0
1651.4857100754803,4,0,0,0
2950.5299850619986,1,0,0,0
75.06463373245577,2,0,0,0
3103.6562340686855,0,0,0,0
739.3515493887611,2,0,0,0
356.054676278602,2,0,0,0
79.97662473957207,4,1,0,0
694.3964967713936,1,0,0,0
1582.3848901976178,5,0,0,0
1227.8778577836497,1,0,0,0
51.53122949604646,0,0,0,0
75.69582405825248,3,1,0,0
515.6259312160877,1,0,0,0
349.969609380049,3,0,0,0
264.4660917325595,4,0,0,0
329.9001784555116,0,0,0,0
1627.0050311567159,1,0,0,0
2648.292594543428,2,0,0,0
519.3664841775336,1,0,0,0
2365.64206824289,4,0,0,0
387.86446405724956,1,1,0,0
647.0978859895242,4,1,0,0
256.2208709727886,0,1,1,0
1022.9744619715447,0,1,0,0
3862.333967976322,2,0,0,0
925.061825810096,4,0,0,0
442.8774286066842,4,0,0,0
1043.6056184754839,1,0,0,0
131.15784425231067,3,0,0,0
2195.158435666306,1,0,1,0
699.3341822032346,1,0,0,0
596.6554119061018,1,0,0,0
881.5627605399604,2,0,0,0
980.253053151827,3,0,0,0
74.48198725566498,3,0,0,0
1147.64672952438,0,0,0,0
276.98176589151046,0,1,0,0
1251.5978612695335,0,0,0,0
1728.980713981719,1,0,0,0
1629.4289459954794,2,0,0,0
804.0809030749025,3,0,0,0
734.3231800466302,2,0,0,0
154.1726349642509,3,0,0,0
1493.1945076374282,3,1,0,0
316.64326910860655,4,0,0,0
686.5597708997226,2,0,0,0
334.4579966637421,1,0,0,0
143.6721949072962,2,0,0,0
993.0575734759224,2,0,1,0
55.86375972591637,2,0,0,0
1380.8899279180805,1,1,0,0
382.11993255389655,1,0,0,0
0.1347020764026737,0,0,0,0
715.6569128044453,0,0,0,0
47.984992361252175,2,1,0,0
323.1981099097797,1,0,0,0
1227.502425593323,7,0,0,0
64.74080465882679,1,1,0,0
1828.4555642147864,1,0,0,0
3.827237196396057,1,0,0,0
283.4561730914955,2,1,0,0
1350.5568463111042,4,0,0,0
380.19239511974973,2,0,0,0
107.46538274379351,1,0,0,0
446.652667564808,1,0,1,0
315.24963848875603,1,0,0,0
1849.6761371370292,0,0,0,0
375.9275452938398,4,0,0,0
1555.5771577313506,1,0,0,0
2224.440907704028,3,0,0,0
568.8386725432963,3,1,0,0
2407.3140731611966,3,0,0,0
473.71941055951606,2,1,0,0
3326.416952168716,2,0,1,0
93.53024181236151,3,0,0,0
1161.6136446599883,2,1,0,0
680.8511682311532,0,0,0,0
490.4493137625131,3,0,0,0
1001.6086674053278,2,0,0,0
1216.9131426351244,4,0,0,0
4.372816491746413,2,0,0,0
182.665322371209,1,1,0,0
1248.4335312686662,3,0,0,0
1097.7688851674723,2,1,0,0
3382.7929410405413,2,0,0,0
1431.4498577567406,0,1,0,0
3011.307088376879,0,0,1,0
1212.4772028770874,4,1,0,0
353.8962490032648,1,0,0,0
111.33937821203591,2,1,0,0
1522.4525761144807,1,0,0,0
1033.243797452025,1,0,1,0
49.385654451541996,1,0,0,0
446.3659587077571,2,1,0,0
3141.9105125441147,3,0,0,0
693.9497939883504,2,0,0,0
566.918375072549,1,0,0,0
611.9351970499989,1,0,0,0
234.3090592525958,2,0,0,0
459.9854525591702,1,0,0,0
461.7390844520374,3,0,0,0
53.77534073609781,2,0,0,0
1459.1559716130498,1,1,0,0
538.7184226637698,3,1,0,0
1726.9828397828978,3,0,0,0
1899.4426877388573,4,0,0,0
238.2496443540625,0,0,1,0
1071.0559234713096,4,0,0,0
639.1928577607432,2,0,0,0
2121.57053930236,2,0,0,0
243.01554696629722,0,0,0,0
1132.6237783834447,1,0,0,0
935.8612978430901,4,0,0,0
349.985195390159,2,0,0,0
146.87824248068753,3,0,0,0
1054.5181635854283,2,1,0,0
1341.693753785471,7,0,0,0
379.25269066017677,2,0,0,0
1035.166062680498,3,0,0,0
502.74322058136744,0,0,0,0
1248.9941708327506,2,0,0,0
222.16312570607099,3,0,0,0
2209.2313952729914,3,0,0,0
338.84849273461873,3,0,0,0
458.52731518833895,3,0,0,0
59.847622843706084,1,0,0,0
118.23437635671135,2,0,0,0
725.3850879884061,2,0,0,0
311.41846722572456,1,0,0,0
1804.724507747006,1,1,0,0
14.802405694441706,3,0,1,0
476.5756556547072,4,0,0,0
411.50161134164296,1,0,1,0
19.516851669877113,0,0,0,0
132.80982330458872,2,0,0,0
533.8259054757455,1,0,0,0
678.9772192339921,2,1,0,0
518.0008832397219,3,0,0,0
757.0196375133226,2,0,1,0
904.1933879635168,0,0,0,0
9.973390458152718,1,0,0,0
623.798669966619,1,1,0,0
3310.422221009638,0,1,0,0
731.9551215848255,4,0,1,0
1131.7832132238966,1,1,0,0
373.76857968988037,2,0,0,0
1487.1821306709976,0,0,0,0
1482.45942648968,4,1,0,0
736.6729262027566,0,0,0,0
3730.2775845358447,1,0,0,0
134.16040728437488,2,0,0,0
17.0929200584672,3,1,0,0
1470.3640839597826,1,1,0,0
1645.871308065946,2,1,0,0
128.06888687847066,4,1,0,0
308.67806434803487,6,0,0,0
17.708232706465,0,0,0,0
347.1612158516566,1,0,0,0
1483.4304521281122,1,0,0,0
729.72927557207,2,0,0,0
427.8573430933416,0,0,0,0
464.8000631593654,3,0,0,0
1.3545426943478147,5,1,0,0
356.39002391120704,1,0,0,0
1039.7550865605174,4,1,0,0
3657.1654542851797,2,1,0,0
1877.7149986246914,2,0,0,0
23.8777834155165,3,0,0,0
2288.2937492222586,2,0,0,0
1528.7726907101523,4,0,0,0
1515.8388483489996,2,0,0,0
612.4814528564459,7,0,0,0
507.5066259951957,1,0,0,0
360.848969982313,2,0,1,0
67.95219063427086,3,0,0,0
259.0756504330275,1,0,0,0
283.1638085009333,1,0,0,0
661.7978845593669,3,1,0,0
1376.1238826067156,2,0,0,0
642.0925886156549,1,1,0,0
59.584890062484085,4,0,0,0
3165.093404396757,2,0,1,0
2859.8791623520437,1,0,0,0
1537.9992357279177,2,0,0,0
4747.6444833599435,3,1,0,0
786.3207766462897,1,1,0,0
3290.5960797829002,0,0,1,0
78.61585344916982,1,0,0,0
455.2028996462769,0,0,0,0
255.38432939859106,1,0,0,0
217.9484245523082,2,0,0,0
151.75698737108502,1,1,0,0
973.955972391981,4,0,0,0
1520.1542911231597,1,0,0,0
863.4573226958267,2,1,0,0
158.95201566782515,0,0,0,0
1666.6633458146543,0,0,0,0
1010.476988217397,5,0,0,0
491.2937947777808,0,0,0,0
1121.257657067068,0,0,0,0
300.97669459871713,1,0,0,0
423.41353449396286,0,0,0,0
2494.785401962705,1,0,1,0
343.201132890464,1,0,0,0
634.8561371298943,3,0,0,0
2208.5588042617505,1,0,0,0
1230.0476518437322,1,0,0,0
64.22201247407274,3,0,0,0
159.35106340465578,2,0,0,0
7.8724977239736145,3,1,0,0
996.7467068014914,1,0,0,0
593.6157870102338,0,0,0,0
144.1878005901035,0,0,0,0
3168.5183433152224,1,0,1,0
754.2988546284627,6,0,0,0
276.9311303092047,0,1,0,0
694.3550520525156,5,0,0,0
1138.2485262732562,1,1,0,0
79.30213477005081,3,0,0,0
321.17517658509286,3,0,0,0
1644.886302350852,2,0,0,0
615.5657215573473,2,0,0,0
790.9301276058035,2,0,0,0
567.0715168023113,2,0,1,0
44.892708900157025,4,0,1,0
181.22189742519365,2,0,0,0
589.7635674222761,1,0,0,0
234.691808249024,2,0,0,0
51.27121953612684,3,0,0,0
1855.6560463874307,3,0,0,0
3973.5011031952395,1,1,0,0
1575.7269365677425,3,1,1,0
1922.676602269478,3,0,0,0
277.04172270921134,1,1,0,0
3234.6743548587883,1,1,0,0
219.30804684137823,0,0,0,0
3024.7453182020517,1,1,0,0
5262.813931989295,2,0,0,0
1243.832781684682,4,0,0,0
3970.909889426446,3,0,0,0
842.9003625594063,1,0,0,0
300.4860724923195,3,0,0,0
574.4683429928095,4,0,0,0
900.3212637616178,2,0,0,0
75.88970221384388,3,0,1,0
973.769603394951,1,0,1,0
3972.720207875388,0,0,0,0
210.8539411153337,1,0,0,0
1573.082436156245,1,0,0,0
2384.867238951257,3,0,0,0
2877.0890358924958,1,0,0,0
3222.2716944481986,4,0,0,0
737.0147220569544,4,0,0,0
3785.738784859356,1,0,0,0
1415.9712237241736,1,0,0,0
176.34517448085626,1,0,0,0
647.9828321383203,3,0,0,0
1267.0232789212519,3,0,0,0
284.1420999797959,2,1,0,0
1023.3615524613529,2,0,1,0
1098.413745518963,4,0,0,0
177.5725437985096,1,0,0,0
832.6053877086579,2,0,0,0
1476.774632041396,2,0,1,0
690.940945159936,2,0,1,0
12.176955887700332,3,0,0,0
9.079563850904286,2,0,1,0
441.65619182010676,1,0,0,0
2606.3161770524016,3,0,0,0
259.64777096391697,2,1,0,0
1006.11612505522,2,0,0,0
251.1262797305097,4,0,0,0
388.1213685465557,0,0,1,0
1884.1517017541255,5,1,0,0
1305.1253056263972,1,1,0,0
100.26162303666898,1,0,0,0
559.8443507801786,2,0,0,0
29.60365980225214,1,0,0,0
655.6397546358057,1,0,0,0
1085.9942668955455,0,0,0,0
126.13325343695841,1,0,0,0
340.9210323270345,1,0,0,0
507.2264842828503,1,0,0,0
2519.88356829711,1,0,0,0
4998.956075902351,0,0,0,0
45.95106218168274,3,0,0,0
1431.3248803005745,1,0,0,0
464.775824305489,2,0,0,0
498.3342768841731,1,0,0,0
1403.5014509953419,1,0,1,0
2506.2499928371726,1,0,0,0
3014.478786587206,1,0,0,0
860.6729434454637,4,1,0,0
441.79900064941404,5,1,1,0
1549.0443095770986,1,0,0,0
289.0181422787728,0,1,0,0
830.2828409517736,3,0,0,0
444.06841187665356,4,1,0,0
1068.9498229877938,4,0,0,0
274.9618688885096,4,0,1,0
212.6895672844426,3,0,0,0
2503.955981789687,2,0,0,0
107.36661870379179,0,0,0,0
705.1345584098176,3,0,0,0
249.55526889052513,3,0,0,0
39.70799371386665,2,0,0,0
36.6835056113271,1,1,0,0
192.64074345832685,2,1,0,0
2015.6809818707227,1,0,0,0
331.9527066680494,0,0,0,0
3004.9581125357595,4,1,0,0
871.3706491738637,1,1,0,0
573.7906098150877,4,0,1,0
867.7121011941033,2,0,0,0
727.1143589950866,1,0,1,0
1422.0303685493482,3,0,0,0
331.9768483987264,2,0,0,0
435.4868725226266,1,0,0,0
2245.206227380521,0,0,1,0
2927.2611169441507,0,0,0,0
2230.8062291973074,4,0,0,0
543.775893497494,4,0,0,0
1515.7904915515273,3,1,0,0
646.9045124116817,1,1,1,0
688.2389499473695,1,0,0,0
229.0108667160451,4,1,0,0
894.3587635739941,1,0,1,0
205.96187747433078,3,0,0,0
402.81566957291835,1,0,0,0
1931.229845290355,3,0,0,0
232.02765991310307,2,0,0,0
73.81693700302627,2,0,0,0
71.50415706895463,3,0,0,0
2826.572293283546,3,0,0,0
707.0847345157996,2,0,0,0
526.6367498016638,1,1,1,0
1665.366041661833,1,0,0,0
1806.8279988809697,2,0,0,0
403.7531240628876,2,0,0,0
1182.9227771663489,3,1,0,0
1474.569733059262,0,0,0,0
1063.1988723472205,4,0,0,0
164.3972510280493,3,0,0,0
2086.531282741948,0,0,0,0
774.5623605709237,2,0,0,0
331.9439019404437,0,0,0,0
553.7821611877681,2,0,0,0
38.29507570270228,1,0,0,0
136.813115846664,4,0,0,0
1450.4990735121403,1,0,0,0
0.011634823050432324,0,0,0,0
538.8236502132711,2,1,0,0
739.212440933873,2,0,0,0
56.183569156496915,1,0,0,0
3614.8175362787756,2,0,0,0
256.3453451831128,3,0,0,0
362.6911761341702,2,1,0,0
362.3230247239586,1,0,0,0
261.90603022539466,0,0,0,0
1.474909230385058,2,0,1,0
1306.9095710746874,2,0,0,0
3406.576818902749,1,1,0,0
253.981030444211,3,0,0,0
1087.8123934605871,1,0,1,0
1354.3939412806242,4,0,0,0
1886.6772280370346,3,1,0,0
549.2705793872256,4,1,1,0
360.8707420593492,3,0,0,0
393.47991931463537,0,0,0,0
1246.9545359924232,3,0,1,0
1697.064750630053,1,0,0,0
200.42113164163982,0,1,0,0
463.5302399667804,2,1,0,0
2322.1777491770326,3,0,0,0
1643.478368729371,3,0,0,0
4190.309538682376,0,0,0,0
1403.4334383200408,0,0,0,0
499.5481228836644,3,0,0,0
893.155023299958,2,0,0,0
1081.7972204129242,5,1,0,0
81.70455545483111,3,0,0,0
786.3528863524106,1,0,0,0
1235.5351233568276,1,0,0,0
183.10743031294467,1,0,0,0
1517.0033059741118,2,0,1,0
876.5239671469428,0,0,0,0
3041.1855111105137,4,1,0,0
43.3484105221125,0,1,0,0
308.328602809438,2,0,0,0
920.1829951622437,2,0,0,0
351.77256910463524,1,0,0,0
1253.247660188759,1,0,0,0
1422.9802649098478,3,0,0,0
108.15994603859409,2,0,0,0
721.2472435450759,5,0,0,0
711.0882749898155,1,0,0,0
460.89447618725677,4,0,0,0
2701.9418337671755,2,1,1,0
1757.3946801280817,2,0,0,0
1194.7137417483798,2,1,0,0
1252.9062038255497,4,1,0,0
619.3692442292759,0,0,0,0
2538.2380757120377,1,0,0,0
1186.117913334209,1,0,1,0
1305.5665773552832,3,0,1,0
1978.2642708715719,1,0,0,0
320.3038769287745,1,0,0,0
1645.432535124599,3,0,0,0
217.21193189903326,2,0,1,0
423.6422441660145,6,0,0,0
408.8866362702279,4,0,0,0
3840.8876222526155,1,0,1,0
1941.6796763724424,1,0,0,0
1207.879965984888,1,0,0,0
1298.4914234202142,2,0,1,0
825.7025796841309,2,0,0,0
2939.1755305092015,7,0,0,0
685.6925413210558,3,0,0,0
478.87116568217084,1,0,0,0
177.97342794015174,1,0,1,0
1542.74071788312,1,0,1,0
1325.9292819722025,1,0,0,0
485.0848428490843,2,0,0,0
25.516200954391074,2,0,0,0
1826.3343161106416,1,0,0,0
11.483669104263555,3,0,0,0
1216.382080660238,1,0,0,0
3515.165157939812,0,0,0,0
575.6509916369589,2,0,0,0
267.8446810487069,5,1,1,0
1220.3427641197982,2,1,0,0
1698.9696010093253,2,0,0,0
790.6063631889006,1,0,0,0
3412.3172364030834,3,1,0,0
53.05138804256164,1,0,0,0
702.7846689285738,1,0,0,0
1267.459247349778,2,0,0,0
1985.153492430679,3,0,0,0
197.5435601599549,1,0,0,0
1609.4553214040425,4,1,0,0
804.5415873998298,3,0,0,0
505.0981935027793,3,0,0,0
141.23531011449273,2,0,0,0
2004.673710604255,4,0,0,0
171.11246387631098,3,0,0,0
370.75627822243246,2,0,0,0
342.5544405277208,3,1,0,0
2051.15760370031,2,0,0,0
1116.8872457261293,1,0,0,0
1592.9810583106407,2,0,0,0
288.30613219322623,4,0,0,0
980.4935749765662,3,0,0,0
848.0387621225359,5,0,0,0
1788.7462741929173,2,0,0,0
2365.3871012100744,0,0,0,0
12.231269408971249,1,0,0,0
1120.919000889536,1,0,0,0
53.227584046222745,0,0,0,0
795.9746073698896,0,1,0,0
339.161670569886,4,0,0,0
366.4029645294619,2,0,0,0
435.34484967911715,4,0,0,0
970.9910051382612,1,0,1,0
406.540634782834,1,0,0,0
1319.3801039927687,1,0,0,0
518.3998787738292,6,0,0,0
70.80150641358878,2,0,0,0
1531.3656485833335,2,0,0,0
336.5338929517138,3,0,0,0
566.9849126609429,6,0,1,1
1156.5927870318258,4,0,0,0
404.1502086904978,2,0,0,0
58.24970382389809,1,1,0,0
468.2787928521474,2,0,0,0
2890.4462491680324,2,0,0,0
1026.480660671112,1,0,0,0
1113.1549686950416,0,0,0,0
1000.4393567361385,0,0,1,0
221.8845179287726,1,1,0,0
541.8586455108923,2,0,0,0
1390.060638098674,4,0,0,0
106.88712205436364,0,0,0,0
325.52624964329505,4,0,1,0
323.40474130810196,5,1,0,0
565.6671840459809,2,0,0,0
3930.632133279656,1,0,0,0
69.88885849612299,2,0,0,0
731.2665687059473,1,0,0,0
197.67646067551132,1,0,0,0
3529.367585225774,2,0,0,0
120.25252515554251,0,0,0,0
516.8453767797388,0,0,0,0
1338.971882367708,3,0,0,0
1219.270648703156,2,0,0,0
549.4428230199096,2,0,0,0
425.4497289318204,0,0,0,0
506.8541514341259,1,1,0,0
306.90058827003935,0,0,0,0
229.83204287133748,1,0,0,0
659.7891918683802,0,0,0,0
312.7042059539351,2,0,0,0
338.9215646337138,3,0,0,0
1069.3138993831842,2,1,0,0
3458.953569306316,5,1,1,0
925.4253269426673,4,1,0,0
80.10379885994509,2,0,0,0
78.59267448855108,1,0,0,0
3024.60965743243,2,0,1,0
352.81211471835945,1,0,0,0
96.58467632080676,2,0,0,0
913.9050477588241,3,0,0,0
977.2324713005839,2,0,0,0
1045.5592808231318,0,0,0,0
311.15819666956594,3,0,0,0
15.226013884891113,7,0,0,0
3352.846441207963,2,0,0,0
288.87350951926584,2,0,0,0
1127.092902446161,2,0,0,0
1226.3202244500762,2,0,0,0
941.6275581918197,2,1,0,0
375.28619848408925,1,1,0,0
316.21359103256594,1,0,0,0
910.4783632203589,3,0,0,0
2010.6294174939903,3,0,1,0
2932.4519609425633,2,1,0,0
111.94414515742713,2,0,0,0
168.215846863097,2,0,0,0
2895.6382596989192,0,1,0,0
1333.8356138087227,3,0,0,0
2145.528566344447,2,1,0,0
226.43977054999206,2,0,0,0
885.727267264709,1,0,0,0
1207.7786855710813,3,0,0,0
1139.7839863491777,5,1,0,0
524.5049115039434,0,1,0,0
15.514623464414974,0,0,0,0
874.4917510906712,1,0,1,0
291.8260323785145,2,0,0,0
598.2993733477003,2,1,0,0
3160.1592595005436,1,0,1,0
509.2191109697122,5,0,0,0
1831.3422735144418,0,0,0,0
208.92093117129653,1,0,0,0
1116.1466144629726,2,0,0,0
3772.5634756856643,2,0,0,0
107.46617642062763,3,1,0,0
8.354746125244857,0,0,0,0
568.4243568250689,2,0,0,0
97.19999573860999,0,0,0,0
1379.852552895761,1,0,0,0
2459.808232896316,4,1,0,0
569.1982557212377,6,0,0,0
299.36558249531925,0,1,0,0
569.8740325333455,3,0,0,0
1285.3557519560595,0,0,0,0
9.09539960722861,0,1,0,0
890.267272289478,1,0,0,0
950.0845778521457,4,1,1,0
1015.2502413531679,3,0,0,0
277.1010230264016,0,0,0,0
1251.9478326323365,0,0,0,0
95.840955605836,0,0,0,0
222.2318875893984,2,0,1,0
2099.3997617805207,4,0,1,0
1342.1747086453292,2,1,0,0
13.840898858926483,3,0,0,0
285.5194264836808,0,0,0,0
241.31577425847263,3,0,0,0
315.8159142692778,5,0,0,0
284.43371445712245,2,0,0,0
64.56657032331469,4,0,0,0
614.2260553421355,2,0,1,0
1319.5088966992705,3,0,1,0
933.2632656949173,1,0,0,0
1117.4027343031469,1,0,0,0
84.63149682819495,1,0,0,0
3025.999956634014,5,1,0,0
1823.1995731582892,2,0,0,0
1635.2189994881976,3,0,0,0
1731.5140536547308,0,0,0,0
2698.751193196384,1,0,0,0
785.8195678500352,3,0,0,0
223.49613579934706,2,0,1,0
959.1554567975783,1,0,0,0
1358.2181862348355,1,0,0,0
1339.0955323734006,1,0,0,0
736.9925411967153,1,0,0,0
70.91477358703708,1,0,0,0
463.80359075629445,2,0,0,0
2535.3574587032663,2,0,1,0
878.1497113730817,0,0,0,0
772.9091380348863,1,0,0,0
313.1414485858638,1,1,0,0
459.5764535531472,4,0,0,0
2257.096460059006,1,0,0,0
1098.0016177460652,1,0,0,0
1548.2817930749604,0,0,0,0
605.7691464212985,0,1,0,0
994.9206573550218,1,0,0,0
285.5292031963382,4,0,1,0
1222.3432806039843,1,0,0,0
557.9195613223623,1,0,0,0
584.3744199039752,1,0,0,0
1047.8877810532038,1,0,0,0
2753.2665471097384,1,0,0,0
66.14658309229908,0,0,0,0
1741.5031652071518,1,0,0,0
345.8524481461356,1,0,0,0
586.8421292278964,3,0,0,0
22.156991989469393,5,0,0,0
358.1704585696388,7,0,0,0
698.4235614676293,5,0,0,0
57.81565284795499,0,0,0,0
675.4953535639746,3,0,0,0
2618.8124511245783,4,0,0,0
111.37100709082458,1,1,0,0
1445.7927117388012,1,0,0,0
527.0753607973251,4,0,0,0
1064.714509120123,1,0,0,0
301.4248709145652,0,0,0,0
173.74912039518327,1,0,0,0
174.90427012821894,2,0,0,0
73.09980660067168,0,0,0,0
205.3609836776891,3,0,0,0
1091.297263786332,2,1,0,0
2134.452152258195,5,0,0,0
1682.6845626614074,3,0,1,0
1155.609111636457,3,0,0,0
117.01917381063149,1,0,0,0
341.3465214844297,2,0,0,0
370.7838297159636,4,0,1,0
287.6246692962019,2,0,0,0
723.6180576173268,1,0,0,0
766.909582939844,2,1,0,0
441.43323791725777,5,0,1,0
436.6294487848321,3,1,1,0
1763.4962509770876,1,0,0,0
1557.2860162690783,4,0,0,0
367.87432595670373,0,1,0,0
2450.951048502833,2,0,0,0
3053.679593846005,2,1,0,0
395.62746978779023,2,0,1,0
437.61380712418645,5,1,0,0
704.4794557708601,1,0,0,0
2832.267604481353,1,0,0,0
2090.053110892787,1,1,0,0
108.21788581405427,1,0,0,0
498.7830002340476,2,0,0,0
806.0274314681736,3,0,0,0
699.4318327840682,3,0,0,0
215.50166000817745,2,1,0,0
1957.696736955853,1,0,0,0
1129.9196381880568,1,0,1,0
1819.5935162994408,4,0,0,0
1957.3250068054283,2,0,0,0
1379.7393071697513,1,0,0,0
578.4098472380772,1,0,0,0
943.0114594270498,5,0,0,0
174.78848907330342,1,0,0,0
1119.770812249557,2,1,0,0
197.54068939390214,4,0,0,0
1184.0054537024762,2,0,0,0
260.8430311100646,2,0,0,0
125.05462234616283,1,0,0,0
180.6643189430485,1,0,0,0
1.9941221597106258,1,0,0,0
1268.474411846264,2,0,0,0
1318.2658709838013,2,0,0,0
723.4689746270511,0,0,0,0
175.9770868407549,3,0,0,0
87.2525015240209,3,0,0,0
19.314292317149665,1,0,0,0
181.2199761150679,3,1,0,0
2215.0829071496346,4,0,0,0
276.4610531618354,4,1,0,0
437.37587460109376,2,0,1,0
111.31765141096672,1,0,0,0
251.49326466168304,0,0,0,0
732.3550010191644,3,1,0,0
935.8627276617399,2,0,0,0
281.50427992378695,0,1,0,0
59.46571278768153,5,0,0,0
495.9909850233758,4,0,0,0
266.8386417850558,1,1,0,0
247.889629472023,4,1,0,0
3215.451761506007,3,0,0,0
957.8955481509968,4,0,0,0
813.9111519309452,3,0,0,0
537.4692735779752,1,0,0,0
560.268584463472,3,0,0,0
778.4981270198164,2,0,0,0
1192.142416923805,2,0,0,0
1211.1521683350459,2,0,0,0
188.3725162262277,1,1,0,0
693.3727101430839,5,0,0,0
530.9570666740723,4,0,1,0
2044.2826532666186,1,1,0,0
998.0945677237099,3,0,0,0
760.364628507229,3,0,0,0
122.61365679360686,4,0,0,0
930.4857291327357,1,0,0,0
124.66102880534774,1,0,0,0
411.29191436873043,2,0,0,0
154.13297226742526,1,0,0,0
1177.8946383162886,1,0,0,0
230.98939187944643,0,1,0,0
497.3491296616848,2,0,0,0
2260.24212088713,2,0,0,0
228.55363873015355,1,0,0,0
708.880429494969,1,0,0,0
543.4722066342405,3,0,0,0
18.29029331656515,2,0,1,0
1573.8686344559244,1,0,0,0
71.545311529372,1,0,0,0
642.9390145675243,1,0,1,0
822.5233209326528,2,0,0,0
990.0084710640919,4,1,1,0
1166.7785960571896,1,0,0,0
292.05479692199447,0,0,0,0
10.028898364548043,1,0,0,0
1285.3407259893986,2,0,0,0
767.1309128726944,0,0,1,0
1808.6068113128852,3,0,0,0
1722.541455331446,1,0,0,0
1853.5891364679212,1,1,0,0
663.7722009982693,7,1,0,0
405.9077998369884,1,0,0,0
1568.0954258319293,1,1,0,0
600.1927060322706,0,0,0,0
202.65757471542904,5,0,0,0
1930.8423771734565,1,0,0,0
2141.826664834698,2,0,0,0
627.9396760045075,0,1,0,0
78.71828968795785,2,0,1,0
490.73887003514955,2,0,0,0
1627.2845172494383,4,0,0,0
2320.4846234997667,2,0,0,0
227.49392862008511,2,0,1,0
69.32179560363473,2,0,0,0
2098.424202804143,0,0,0,0
493.32128744462597,5,0,1,0
780.3643189371355,1,0,0,0
3444.0781205292114,6,0,0,0
68.88365735912734,3,0,0,0
1045.0279419847498,3,0,0,0
76.99489809012496,2,1,0,0
470.75419639720167,1,0,0,0
1628.6948691221478,5,0,0,0
568.2291842795199,0,1,0,0
5871.853459960933,2,1,1,1
818.8448455577072,3,0,0,0
387.37299089464744,1,0,0,0
248.60409500367,2,0,1,0
431.5840589003817,1,1,0,0
466.06463529375617,2,1,0,0
71.18850626264505,1,0,0,0
461.3598139707214,1,0,0,0
624.0662164664813,4,0,0,0
1282.791477852921,3,0,0,0
1069.236468375308,3,0,0,0
1233.6270274066667,1,0,0,0
8.39885371211679,1,1,0,0
245.47530863034297,3,0,0,0
1083.775761471237,5,0,0,0
661.6279094100245,1,0,0,0
5.327642385473204,5,0,0,0
1632.167495491405,1,0,1,0
1481.9667289838774,2,0,1,0
795.0008811622349,2,0,0,0
68.7750299764279,1,0,1,0
1454.6376559099792,2,1,1,0
876.3817645917181,2,0,0,0
1523.0766420252808,2,1,0,0
1393.306860907043,2,1,1,0
1624.562067851931,3,1,0,0
729.8279003508777,0,0,0,0
151.20030768442408,4,0,0,0
1112.1762852941026,1,1,0,0
968.8316069352844,0,0,0,0
1355.7775216283962,1,0,0,0
186.18622226351218,0,0,0,0
216.88219446083687,1,0,0,0
2211.0047441814586,1,0,1,0
1386.20555887121,2,1,0,0
2388.4533639455603,2,0,0,0
1421.7778026227807,0,0,0,0
909.2041659771153,2,0,0,0
1061.7002105589254,2,0,1,0
2199.3782101996535,3,0,0,0
864.6635352040355,5,0,0,0
1000.7362879314059,2,0,0,0
170.16777335054286,1,0,0,0
642.3043058166896,2,0,0,0
1260.1803008714285,0,1,0,0
316.0029469299855,5,0,0,0
225.96525423179264,1,0,0,0
376.6252169752993,1,0,1,0
276.4133081343457,1,0,0,0
241.96027699254995,2,0,0,0
553.1258681164362,1,0,0,0
2384.2129567688885,3,0,0,0
707.367099558632,4,0,0,0
208.15689044425852,2,1,1,0
80.09535088844639,2,1,0,0
1191.2413448538466,2,0,0,0
482.56015660982695,2,0,0,0
1725.0224411216057,1,1,0,0
1077.371779856764,2,1,0,0
1590.819567208323,2,0,0,0
317.38011185437193,2,0,0,0
1178.8215082024153,5,0,0,0
306.6093821336808,2,0,0,0
2798.0046593510538,3,0,0,0
1011.6301863237578,0,0,0,0
392.31959053585945,2,1,0,0
314.0422865163482,2,1,0,0
211.86561829269567,1,0,0,0
1186.2670107574804,2,0,0,0
246.8160635375204,1,0,0,0
904.6172971291463,2,0,0,0
307.388341009099,4,1,0,0
1084.6175084116821,3,0,0,0
1687.0737152896345,1,0,0,0
1505.1916114338844,3,0,1,0
1430.66987412652,3,0,0,0
207.91313233193347,4,0,1,0
92.5374690050798,3,0,0,0
1200.475023657181,1,0,0,0
459.41542471977897,2,0,0,0
566.2435996412855,2,0,0,0
31.644541461303806,2,1,0,0
300.53289067824744,3,1,0,0
34.25651522757978,2,1,0,0
2113.5012239367893,0,1,0,0
278.9161829949456,1,1,1,0
814.9469038555038,1,0,0,0
39.75935168054596,1,0,0,0
1099.1546096145082,1,0,1,0
390.1243994323304,3,1,0,0
2281.990494660967,0,0,0,0
2190.3122232037413,2,0,0,0
393.47322654213593,1,1,0,0
2312.2405138111794,2,0,0,0
5561.677236148373,1,1,0,1
1745.3473539422616,1,0,0,0
1863.50049185203,1,0,1,0
286.3612599209348,2,0,0,0
859.6797985106655,2,1,0,0
69.6244072573011,2,0,0,0
99.72966184805468,2,0,0,0
6805.751219889282,1,1,0,1
395.4740594095893,1,0,0,0
1379.056267629112,2,0,0,0
1643.3311177315945,2,0,0,0
1952.0921151433251,3,0,1,0
6044.147186043234,2,0,0,0
276.4078463965971,1,0,0,0
41.18750595694294,2,0,1,0
529.6543060913828,2,1,0,0
139.35479557395638,2,0,0,0
22.681173282547913,2,0,0,0
446.9542425253329,2,0,0,0
1531.265804358061,1,1,0,0
835.1271708032459,0,0,0,0
375.0978791544164,1,0,0,0
1062.3054479496666,5,1,0,0
263.98921839175495,4,0,0,0
14.485861372039345,3,0,0,0
1445.42199633491,2,0,0,0
977.483083988966,2,0,0,0
1436.7569459094216,2,0,0,0
39.716373327664726,2,0,1,0
1814.7392606929002,0,0,0,0
966.3379609139599,1,1,0,0
828.7271860742521,1,0,0,0
979.8005772521858,0,0,0,0
1998.2911169332199,4,0,0,0
884.1539606919447,2,0,0,0
869.765940983819,0,0,0,0
4675.502210787053,2,0,0,0
1413.5840281196997,0,0,1,0
583.9229883345893,3,1,0,0
1228.938537656218,2,1,0,0
493.0355950481086,1,0,0,0
259.90539120417446,1,1,0,0
908.4512334188313,3,0,0,0
2633.6215041162345,3,0,0,0
2647.0424058655617,3,0,0,0
418.406403770263,0,1,0,0
750.0931924870727,0,0,0,0
237.7952381875633,3,0,0,0
5433.246192014816,3,1,0,1
3969.541312324312,1,0,0,0
1048.420049886096,4,0,1,0
1631.7554037065765,0,0,0,0
1255.617603584788,1,0,0,0
899.3309136890182,3,1,0,0
54.82372639196746,2,0,0,0
606.5371787904519,2,0,0,0
1123.2727809391317,1,0,0,0
1131.7501750976328,4,0,0,0
467.0043211463479,2,0,0,0
2842.015744951548,2,0,1,0
183.15033882305846,1,0,0,0
693.8663315181398,4,0,0,0
1174.0385921414738,5,0,0,0
1194.4707782097187,2,0,0,0
1045.940970982072,2,0,0,0
321.9812389614336,0,0,0,0
169.84756397095725,3,1,0,0
1010.4374874923896,2,0,0,0
914.547542460641,5,1,0,0
197.66589364657372,6,1,0,0
1221.2517138184887,3,0,0,0
607.2851152877793,3,0,0,0
1101.899460311215,3,0,0,0
1816.2596409227901,2,0,0,0
186.0024372223012,3,0,0,0
19.330504120641034,2,0,0,0
1510.056877070906,0,0,0,0
940.8330077192397,2,0,0,0
1202.772090878001,2,1,0,0
1821.1160373501086,2,0,1,0
1623.5922887795352,2,1,0,0
3242.1482115081913,1,0,0,0
767.7308202762631,2,0,0,0
670.3991553276018,5,0,0,0
513.9759138744405,1,1,0,0
166.8707884606378,0,0,0,0
850.0518592211517,2,0,0,0
324.3633796926085,0,1,0,0
2542.2075819010015,3,0,0,0
875.1267261114473,2,0,1,0
898.5494937326825,3,1,0,0
438.388164165674,4,1,0,0
53.38954469916885,1,0,0,0
32.25852154060481,1,0,1,0
550.4940203134059,1,1,0,0
88.35632986675682,2,1,0,0
933.5563168130258,1,0,0,0
2128.40496823145,3,1,0,0
2144.853545151814,4,0,0,0
1076.0059781094083,2,0,0,0
237.28283080935125,3,0,0,0
1987.7512246541207,1,0,0,0
2172.376774660524,1,0,0,0
218.96925700721093,4,0,0,0
1337.2226585696405,3,0,0,0
337.6002410770677,1,0,0,0
1622.7273894179916,3,0,0,0
5891.763984102353,2,1,0,1
30.48601746202351,2,1,0,0
2276.5847094790315,4,0,0,0
974.5305544575631,2,1,0,0
3626.1908617206773,2,0,0,0
625.5063220133939,4,0,1,0
1879.8560713286727,4,1,0,0
64.42553402568436,2,0,0,0
408.387950571034,1,0,0,0
69.36780364152465,1,0,0,0
3702.699856597469,2,0,0,0
1698.1265530907294,2,0,0,0
1914.2486548671397,2,1,0,0
2780.060267792967,2,0,0,0
88.94431968732088,2,1,0,0
487.1051787210219,2,1,0,0
73.68409635684104,2,0,0,0
236.72676380501272,2,0,0,0
260.5414369764079,6,0,0,0
633.195182169968,2,0,0,0
312.74304839958234,1,0,0,0
106.44789199031332,3,1,0,0
183.3113533939617,1,0,1,0
159.31883591295434,5,0,0,0
3614.766832999243,2,0,0,0
1424.1728043015544,1,0,0,0
3434.5928111842913,2,0,0,0
579.3551856472515,1,1,0,0
326.24063278218756,0,1,0,0
1600.9401073184702,5,0,0,0
394.9019720502683,3,0,0,0
355.7944369921287,1,0,0,0
264.62460698817665,4,0,0,0
138.8931448469217,0,0,0,0
296.33683175623423,2,0,0,0
439.00081917116495,0,0,0,0
1120.8401313491106,4,0,0,0
64.60768856366413,4,0,0,0
236.36423527484152,2,0,1,0
1655.605629756399,2,0,0,0
158.90420412443288,3,0,0,0
419.5312944675591,1,0,0,0
1999.9571820367423,4,0,0,0
168.33026635169875,0,1,0,0
86.36086383903962,2,0,1,0
662.6916835373415,0,0,1,0
360.1373759277892,0,1,0,0
828.7569932812718,6,0,0,0
1628.6456581731286,2,0,0,0
147.51266313471896,1,0,0,0
869.1664415363629,2,0,0,0
704.225843728193,4,0,0,0
155.57694681135752,1,0,0,0
978.1621077519032,5,0,1,0
319.71009457124444,1,0,0,0
669.1071096949889,0,1,0,0
85.85458191010801,1,0,0,0
615.4161715059915,1,0,0,0
365.9513629547137,0,0,0,0
1728.115661144482,4,1,0,0
58.66643774561698,1,1,0,0
542.3288036950722,2,0,0,0
613.2855799895035,4,0,0,0
1291.0062771928367,2,0,0,0
853.9912195648272,4,0,0,0
1100.250641618203,2,0,0,0
1500.8045438400286,4,0,0,0
1981.973500157835,4,1,0,0
376.6961760656641,3,0,1,0
772.2395349174068,3,0,0,0
1833.2571822396362,1,0,0,0
4551.736625285726,1,0,0,0
2202.914533873781,3,0,0,0
464.36716420077875,2,0,0,0
217.119876648513,3,1,0,0
672.1541589399757,1,0,0,0
1353.40693726407,2,1,0,0
678.3946773351387,2,0,0,0
660.0622980074907,2,0,0,0
1821.582308609865,1,0,0,0
448.4829164564948,2,0,0,0
1964.6473223044422,2,0,1,0
522.2317620615014,1,0,0,0
397.8438820868781,2,0,0,0
605.1178257517129,4,1,0,0
1437.3643485470059,3,0,0,0
134.67722353981307,0,0,0,0
218.67755856222416,4,0,0,0
3025.0545124385476,2,0,0,0
192.9679822509712,2,0,0,0
838.6986813733885,2,1,0,0
865.869676098229,3,0,0,0
672.608475314532,0,0,0,0
1034.9201372226416,1,0,0,0
261.1397580185179,1,0,1,0
804.4414165829487,1,1,0,0
465.49103472808173,2,0,0,0
1083.7254287744831,1,0,0,0
152.24662762104572,1,0,0,0
846.0126592375628,1,0,0,0
204.89894517069905,3,0,1,0
326.62120610514125,0,0,0,0
246.80862366950558,1,0,0,0
201.91764797961739,1,1,0,0
1747.040160103516,3,0,0,0
336.46283139068873,4,1,0,0
2618.9929190405373,1,0,0,0
3504.111736452182,2,0,1,0
846.9057004785137,4,0,0,0
154.3186703802286,2,0,0,0
469.2810797548315,0,0,0,0
1598.1630302172873,0,0,0,0
457.90231234866843,2,0,0,0
91.03825760420156,4,1,0,0
813.7000983889578,0,0,1,0
1865.1101532481332,0,0,0,0
1589.27450289189,0,0,0,0
192.521164552017,2,0,0,0
1117.0755334398084,1,1,1,0
249.10805994845782,3,0,0,0
246.16596311174433,1,1,0,0
2072.0431637373576,3,1,0,0
287.24077349213206,2,0,0,0
305.5030557664905,1,0,0,0
0.6536043140703691,2,0,0,0
2045.3805332887223,2,0,0,0
1573.0809748645834,1,0,0,0
987.0591119225869,3,0,0,0
1387.3579823197974,1,0,0,0
164.93191773662983,1,0,0,0
613.0864938250955,1,0,0,0
432.6606584843427,0,0,0,0
98.46934359420757,2,0,0,0
665.7859080413011,2,1,0,0
2535.017279705927,1,0,0,0
40.88357876099898,2,0,0,0
344.55005340385895,0,0,0,0
232.61442908307976,3,0,1,0
272.00120069694395,2,1,1,0
2390.7012823846585,1,0,0,0
631.2415992576712,3,1,0,0
627.9202956612405,1,0,0,0
1429.5177469038651,2,1,0,0
167.81789011229847,2,0,0,0
667.9968270904791,0,1,0,0
562.0929783514891,6,1,0,0
908.5971300409066,2,0,0,0
7723.52952206246,0,1,0,1
1467.2827234727733,3,0,0,0
507.27477386434595,1,0,0,0
1757.6656392285076,1,0,0,0
187.18339236116805,2,1,0,0
30.937348898737213,2,0,0,0
228.71953383094623,1,0,0,0
416.1392083323083,3,0,0,0
714.5358101105604,0,1,0,0
954.8474309407134,4,0,0,0
2414.698549791932,0,0,1,0
713.0519925597378,4,0,0,0
695.7017298959527,0,0,0,0
51.549126923568636,0,0,0,0
35.53552656471498,1,0,0,0
801.0887173364689,2,0,0,0
576.5712967708981,2,1,0,0
1827.4720079048132,3,0,0,0
175.1627440045595,3,0,0,0
25.28874391132039,3,0,0,0
596.0908315243777,0,0,0,0
271.12464860387325,1,0,0,0
50.88745395069878,1,0,0,0
1289.5244721100855,1,1,0,0
118.3253076111503,1,0,0,0
937.3088225665996,1,0,0,0
329.96311721124897,3,0,0,0
190.55058297267246,2,0,0,0
477.63511174466777,5,0,0,0
1616.6930485158284,1,1,0,0
497.73431824375535,2,0,0,0
1389.3777065919564,1,0,0,0
134.08731489113322,0,1,0,0
1481.7988063188636,2,0,0,0
270.4098660721168,1,0,0,0
1131.3208174510562,1,0,0,0
834.2075416502618,2,0,1,0
2647.1157526284796,2,0,0,0
489.91661196656366,2,0,0,0
68.45571810228017,4,0,0,0
19.341328972891514,1,1,0,0
1753.6464518784253,1,1,0,0
743.8840774735606,3,0,0,0
1492.740140285175,3,1,0,0
267.128877244031,2,0,0,0
423.2479072665227,2,1,1,0
30.56629797262721,1,0,0,0
3256.897695846931,4,0,0,0
1102.2225178123867,2,0,0,0
2706.1283654016365,5,0,0,0
308.56039220123193,3,0,0,0
945.3684487618946,3,0,0,0
1134.7576366812573,1,0,0,0
382.0655754648315,4,0,0,0
1884.5936679081951,0,0,0,0
2940.5144851815085,1,1,1,0
2161.5640974373923,2,0,0,0
1343.4915173846714,0,0,0,0
324.9889739966056,2,0,0,0
330.7510925686839,1,1,0,0
3306.62348501243,2,0,0,0
10.337746784078451,6,1,0,0
1258.9570184243082,3,0,0,0
1225.0131499674364,3,0,1,0
974.6869316163284,2,0,0,0
4616.114465417972,3,0,0,0
373.7912176857879,2,0,0,0
415.4728142540341,1,0,0,0
82.22945004491383,4,0,0,0
584.8276927599994,4,0,0,0
302.52302491911644,5,0,0,0
420.6600215727315,0,0,1,0
1799.2179562535264,1,0,0,0
2740.8499836509827,0,0,0,0
205.46704536450704,1,0,0,0
466.0258416288361,1,1,0,0
2639.885542104075,1,0,0,0
63.801151130171334,0,0,0,0
96.908036620388,3,1,0,0
177.6815254560648,2,0,0,0
904.3938663703713,0,0,1,0
163.07469685607884,1,0,0,0
3444.4091497533777,2,0,1,0
591.8811850860886,7,0,0,0
696.1877190159892,5,0,0,0
283.23678845704694,3,0,0,0
636.6917127720769,0,0,0,0
1084.4538913974354,1,0,0,0
1391.0140290675083,2,1,0,0
1401.8876376332717,1,0,0,0
862.4919714380527,1,0,1,0
2347.1617837584067,1,0,0,0
1700.5002871341646,5,0,0,0
1414.8918581217476,2,0,0,0
57.21132054820683,1,0,0,0
6.901724421494768,3,0,0,0
238.8249609303227,5,0,0,0
1089.2272479973312,1,0,1,0
529.6644467711059,3,0,0,0
514.8441192801495,1,0,0,0
2159.2373111684346,3,0,1,0
2259.1698060308954,5,0,1,0
2398.8236081577734,2,0,1,0
376.6999360208828,1,0,0,0
1174.594642150482,0,0,0,0
316.9504858103928,1,0,0,0
211.47419521121358,3,0,0,0
204.11629481893115,4,0,0,0
418.71391857726945,1,1,0,0
562.0445696539888,5,0,0,0
1777.5558462914232,2,0,0,0
127.7096217498297,3,0,0,0
1327.7456709872088,1,1,0,0
758.1229475460697,3,0,0,0
339.6006046120076,1,0,1,0
678.8884896425268,5,1,0,0
356.59218990154596,4,0,0,0
906.543281100516,2,0,0,0
568.8854841195724,3,1,0,0
179.61186621831354,1,0,0,0
123.95802056890228,2,0,1,0
791.1915955394044,1,0,0,0
2327.0113322475054,5,1,0,0
421.5299899195753,1,0,0,0
1320.5070221648266,2,0,0,0
1074.8802004719741,0,0,0,0
2681.723523973739,1,0,0,0
1720.2634301559865,0,0,0,0
836.1063240224008,3,0,0,0
1070.1137519038946,0,0,0,0
2286.578549795433,4,0,0,0
510.02391952828805,1,1,0,0
395.7049525516926,2,0,0,0
10.869948043014716,2,1,0,0
1751.872098675577,2,0,0,0
1614.353476062518,1,1,0,0
110.32226937987565,2,1,0,0
860.0459963188796,0,0,0,0
623.5869732832385,5,0,0,0
126.36750948930697,4,0,1,0
3940.845772237502,4,1,0,0
241.68423171619906,1,1,0,0
69.60110652141279,1,0,0,0
903.4914421262091,3,0,0,0
1342.7241864990604,1,0,0,0
32.98140208855304,3,0,0,0
1075.0451054100308,0,1,0,0
759.9108441883163,1,0,0,0
108.99489967668832,3,1,0,0
189.37502646305825,2,1,0,0
839.270195554383,3,1,0,0
351.4850256269303,2,0,0,0
2785.7263019839534,1,0,0,0
1707.8240804053528,2,0,0,0
4108.4763378712005,1,0,0,0
300.66037945438416,1,0,0,0
3497.3878311233984,3,0,0,0
564.2859483130849,6,0,0,0
426.972945278714,1,0,0,0
51.6612852135049,2,0,0,0
54.20833674506548,5,0,1,0
1177.6920419577039,2,0,0,0
612.3582795438191,0,0,1,0
256.85756803615135,4,0,1,0
951.8409858574385,1,1,0,0
291.5001764766147,1,0,0,0
861.8777254207312,0,0,0,0
445.0515334189824,1,0,0,0
1734.7303478796616,3,0,0,0
1718.673486256617,3,0,0,0
648.8440167417791,2,0,0,0
432.0438789798166,0,0,0,0
450.29480487298235,2,0,0,0
1638.4266843651192,1,0,0,0
397.76406162965156,3,0,0,0
234.53237560803507,0,0,1,0
88.49066172868149,1,1,0,0
628.6582623108428,3,0,0,0
658.0350864648465,4,1,0,0
1838.2770931126531,0,0,1,0
250.0506939887871,2,0,0,0
479.6359089306733,1,0,1,0
1652.3753663662521,1,0,0,0
1735.1349921511564,2,1,0,0
485.50081427170977,1,0,0,0
614.5652746364185,4,0,0,0
361.3801257506368,3,0,0,0
2696.4410253979045,3,0,0,0
126.29338260806693,3,0,0,0
2714.3111047419584,4,0,0,0
1151.5905339000008,1,0,0,0
758.3731970333133,3,0,0,0
33.20427150562829,3,1,0,0
645.4932651471988,3,0,0,0
523.8232362906697,4,1,0,0
175.80540745327076,1,0,0,0
1068.305038915304,1,0,0,0
3545.676737763038,0,0,0,0
825.9675370352235,6,0,0,0
1254.4007765248352,0,0,1,0
70.90589933631709,1,0,0,0
540.7128227430152,3,0,0,0
123.70382479666218,1,0,0,0
948.8031683082929,2,1,0,0
2788.4280359045824,1,1,0,0
1084.0520033830264,1,0,0,0
79.91268513412317,2,0,0,0
437.9875843983029,2,0,0,0
799.9829604202996,2,0,0,0
516.1862263788674,2,0,0,0
1793.6252716063068,2,0,0,0
1685.6226803821805,2,0,0,0
946.3145189701983,4,0,0,0
467.5393802152782,1,0,0,0
294.82267097022935,1,0,0,0
111.908930035361,2,0,0,0
438.3463445134082,2,1,0,0
533.0243987856998,3,0,0,0
1126.4653850249829,2,0,0,0
1073.4119736562513,1,0,0,0
72.68697877993114,3,0,0,0
502.95553338270713,5,0,1,0
200.6226454377922,2,1,0,0
170.56616928390105,3,0,0,0
1756.2117417196362,1,0,0,0
42.81900463101456,4,0,0,0
543.3193322665865,3,0,0,0
184.16764668961784,2,0,0,0
2114.6975192395194,3,0,0,0
814.276965207114,2,0,0,0
263.15940780008117,1,0,0,0
698.0135766138083,1,0,0,0
1314.853564472995,3,0,0,0
3172.8993515940024,4,0,0,0
249.03332315328373,5,1,0,0
2173.1525955061657,3,0,0,0
2722.7189759620637,2,0,0,0
2481.9575370836897,0,0,0,0
1008.9937945340157,3,0,0,0
993.7676730375315,3,0,0,0
516.1910472483327,3,0,0,0
1395.9321853156544,1,0,0,0
757.7796119222651,2,1,1,0
1131.4601339820856,3,1,0,0
559.4171394027411,1,0,0,0
1314.891195820636,4,0,0,0
1739.9539563927044,2,0,0,0
158.33505482968752,2,0,0,0
1789.3406902791594,2,0,0,0
777.1736316917953,1,0,1,0
1862.1770564349338,2,0,0,0
564.4052250976836,1,0,0,0
476.4893930273885,5,0,0,0
2465.818778071359,3,0,0,0
289.24231239120246,1,0,0,0
1859.2612583419811,2,0,0,0
661.6883834996437,3,0,1,0
721.7430582178052,3,1,0,0
368.8462597889831,5,0,0,0
851.0701011270652,1,0,0,0
393.35552043998683,0,0,1,0
40.061257122726744,0,0,0,0
317.45231505151145,4,0,1,0
6.399476445828731,0,1,0,0
3832.970960153524,1,0,0,0
3373.9872524751436,1,0,0,0
502.7835439386897,2,0,0,0
1303.3175780816855,1,0,0,0
424.3514858571407,3,1,0,0
1111.980720548938,4,0,0,0
1636.9635047353424,2,1,0,0
2932.874752485198,3,0,0,0
511.1794794483153,2,1,1,0
1529.232062481517,2,0,0,0
309.1487764155261,2,0,0,0
4638.9652392295875,2,0,0,0
26.10745173687319,4,0,0,0
925.1518925039455,1,0,0,0
1077.3577208048118,1,0,0,0
1164.8981180973005,1,0,1,0
128.27389897000617,5,0,0,0
2789.2025055890326,4,0,0,0
199.89500411636573,1,0,0,0
974.8562025540377,2,0,0,0
251.89812890208262,4,0,1,0
367.03761863891737,0,0,0,0
790.6685951447728,3,1,0,0
539.8999119392918,3,0,0,0
174.6219958079338,3,1,0,0
187.4584107710882,4,0,0,0
541.5336391128353,2,0,0,0
1415.8590338737295,2,0,0,0
2282.435926218123,1,0,1,0
87.8782932996094,3,0,0,0
499.3976847166674,3,0,0,0
105.63340146874665,2,0,0,0
16.731677737616526,2,1,0,0
1083.8774297986395,2,1,0,0
922.4331629545526,5,0,0,0
177.95404485243714,3,0,0,0
266.32879586794564,2,0,0,0
23.993304648808653,3,0,0,0
1801.4898907711345,4,0,0,0
3676.579254625421,3,0,1,0
145.55716962699086,1,1,0,0
263.28246377837473,0,0,0,0
2028.0606331272172,7,0,0,0
2609.9774492099154,2,1,0,0
544.0849382835793,4,0,0,0
51.94874311459001,0,0,0,0
40.188688530854165,1,0,0,0
853.1982543531234,2,0,0,0
499.0537003688611,1,0,0,0
29.0709216796071,0,0,0,0
875.2744977697656,1,0,0,0
11.366895662418234,1,1,0,0
1548.2109221921846,0,0,0,0
365.90717687223224,2,0,0,0
41.090783775467415,3,0,0,0
887.5872005714681,2,1,1,0
506.9737425165611,8,0,0,0
3642.0116453299834,1,0,0,0
785.6982277819278,1,1,0,0
321.9135834366805,5,1,0,0
1235.9412760671196,2,0,0,0
316.7566754287018,1,0,0,0
2345.94458974716,2,0,0,0
469.5588809727146,2,0,0,0
798.215656146081,3,0,0,0
51.89674360981235,3,0,0,0
555.3371209164526,1,0,0,0
1785.9575708045602,1,0,0,0
1638.0884748715227,4,1,0,0
254.013357069355,3,0,0,0
256.2855695393642,2,0,0,0
1699.9388921743534,3,1,0,0
2664.968013182787,3,0,1,0
100.21922286375343,1,0,0,0
597.943623578223,3,0,0,0
411.6657106188567,0,0,0,0
2045.5307122513907,1,0,0,0
87.22039666546804,3,0,0,0
237.1485938913611,0,0,0,0
1396.2167762121442,2,0,0,0
52.65616897537501,3,0,0,0
678.3282861896274,4,0,0,0
583.5881534227699,1,0,1,0
407.0681607939375,3,0,0,0
501.8201538710777,0,1,0,0
754.8961814804645,1,0,0,0
175.98252106831833,1,0,0,0
848.6224532681886,3,0,0,0
1636.975255097398,2,0,0,0
1427.7871213455,0,0,0,0
167.11761040988898,2,0,0,0
161.6363423177122,2,0,0,0
312.2130006984853,4,0,0,0
447.96777407365596,3,0,0,0
525.018503553894,5,0,0,0
1138.4885331551513,2,0,0,0
58.35016952137922,4,0,1,0
35.28806854202966,3,1,0,0
497.4333074129739,5,0,0,0
1194.5628575330811,0,1,0,0
214.9712147065439,1,0,0,0
1025.8391190380262,2,0,0,0
300.87287372223284,2,0,0,0
2172.3124564704276,1,0,0,0
2260.3875099891225,3,0,0,0
352.807011587779,6,0,0,0
261.3566524312562,5,0,0,0
529.8453101530029,0,0,0,0
275.1365446183705,2,0,1,0
1115.912609817942,0,1,0,0
1749.0717991613753,3,0,0,0
1118.0768936885804,1,0,1,0
1739.2644465265998,4,0,0,0
505.82508434186946,2,1,0,0
169.97841263755953,3,0,0,0
1339.2235690718926,0,0,1,0
447.0287918955937,2,0,0,0
1112.5210442012356,2,0,0,0
315.59324643349555,1,0,0,0
84.71906250393826,4,0,0,0
4903.818230567541,1,0,1,0
169.84156636460162,1,0,0,0
4458.561645018778,1,0,1,0
3784.5067171075034,3,0,0,0
1578.9965090618762,2,0,0,0
1077.1139295910264,0,0,1,0
862.2928425493258,6,1,0,0
2010.6735676349174,2,0,0,0
341.70121419421207,1,0,0,0
630.5127444514089,1,0,0,0
965.9799696762551,4,0,0,0
529.6525362049009,4,0,1,0
557.718882855961,2,0,0,0
400.9025337516593,5,0,1,0
830.6448666735943,1,0,0,0
1900.9575256026637,0,1,0,0
225.0558511023859,4,0,0,0
2724.6833494352513,7,0,0,0
1168.24425137824,3,0,0,0
1733.1503134101565,2,0,0,0
812.3602967116906,1,0,0,0
1511.933330383703,2,0,0,0
16.333058503340645,1,1,0,0
1705.8410255599656,1,0,0,0
40.96664986292487,3,0,0,0
2206.487735485061,3,0,0,0
4823.6679505314305,6,0,0,0
348.2356015457985,3,1,0,0
236.125650647291,1,0,0,0
1449.7171906671585,4,0,0,0
291.72535674715715,3,0,0,0
2006.655002942597,2,0,0,0
108.52394977398257,7,0,1,1
134.62364191664372,1,0,0,0
3870.4759186803567,0,0,1,0
1120.3638425948373,1,0,0,0
1876.5805338753757,2,0,0,0
392.04956628423434,5,0,0,0
1128.5059329816718,1,1,0,0
901.9979306056842,2,0,1,0
924.1972061363579,1,1,1,0
1147.3797006401978,2,0,1,0
856.5115806121819,1,0,1,0
560.4753034927772,0,0,0,0
322.8571165790651,1,0,0,0
1463.5267886230008,4,0,0,0
256.5354440990672,0,0,0,0
1178.8065028200192,2,0,0,0
265.70249962365364,3,0,0,0
981.7100940501913,1,0,1,0
1374.6751943563506,2,1,0,0
246.8138568001089,3,0,0,0
61.815087304508154,4,0,0,0
140.3819389766373,3,0,0,0
931.3966724321659,5,0,1,0
1893.4361533710883,1,0,0,0
46.040609957652556,2,0,1,0
1324.8277749529013,2,0,0,0
417.5153909322173,2,0,0,0
651.1004066337758,3,0,1,0
2643.0991847557534,2,0,0,0
403.42444877423037,2,0,0,0
626.1185135472468,5,0,0,0
13.776881677615844,2,0,0,0
85.12085969485157,2,0,0,0
299.2036464560498,3,0,0,0
28.247470458722333,1,0,1,0
997.9762963455646,3,1,0,0
555.8201249895719,1,0,0,0
794.3943957336257,2,1,1,0
191.9443306061396,2,1,1,0
350.88037838894286,2,0,0,0
1090.121859148712,2,0,0,0
3361.094085899507,5,0,0,0
51.73209970347977,3,0,0,0
2210.7748568101183,0,1,0,0
860.1022914022199,1,0,0,0
829.9285727291361,1,1,0,0
693.7044061968387,0,0,0,0
71.91938444906127,2,0,0,0
94.17536086475614,4,0,0,0
918.573349211753,3,0,0,0
416.96888065219997,0,0,0,0
2492.1496157845495,1,0,0,0
521.8706247737462,3,1,0,0
154.64583755069373,3,0,0,0
1254.2800359175762,2,1,0,0
347.2246269556979,1,1,0,0
745.4310861900855,1,0,0,0
1196.7747244569955,0,0,0,0
2305.2296989042943,3,0,1,0
1571.136827786808,2,0,0,0
1128.1267916175996,2,0,0,0
1138.2886346791263,3,0,0,0
2917.376724309139,1,1,0,0
350.72709252368094,1,0,0,0
1.1127130317828648,3,0,0,0
317.39181432433116,3,1,0,0
245.76164734957564,3,0,0,0
1084.2201100590398,1,0,0,0
1004.3342770903525,0,0,0,0
900.0763550100638,3,0,0,0
16.376814174340517,2,0,0,0
1304.8178060225275,2,1,0,0
390.8677880144847,3,0,0,0
1093.791892488151,2,0,1,0
813.2343327851879,6,0,0,0
419.66179400233426,1,0,0,0
144.5360273752324,3,1,0,0
99.17843930890066,3,0,0,0
1780.9283369620302,1,0,0,0
2505.895895916186,1,1,0,0
1049.2167271152298,1,0,0,0
109.1834971264241,1,0,0,0
514.2100392583,3,0,0,0
1305.4121294104903,2,0,0,0
1513.313900290569,2,0,0,0
125.81112477879059,0,0,0,0
0.030719317215809495,1,0,0,0
1245.2707658526183,5,0,0,0
440.98272074788173,0,1,1,0
293.675103666677,2,0,1,0
12.981364284835387,5,0,1,0
777.1798856802494,1,1,0,0
1904.8211322512789,1,0,0,0
3161.353569773724,2,0,0,0
834.1232460949946,1,0,0,0
722.4963399222758,0,1,0,0
88.89283909093012,3,1,0,0
796.0059427533637,0,0,0,0
478.0020579081002,1,1,0,0
934.2899525391647,2,0,0,0
492.2105442611789,2,1,0,0
274.8305066633948,0,0,0,0
99.7819661049211,3,0,0,0
378.2173888125585,2,0,0,0
101.63948538341305,0,0,0,0
194.6738745078903,3,0,0,0
4369.00447855589,3,0,0,0
587.1732555080489,2,0,0,0
759.0130174021007,4,0,0,0
2068.450396125348,1,0,0,0
5419.107529487681,2,0,1,0
873.9845177801425,3,0,0,0
1673.8368222200386,2,1,0,0
395.92232217629856,4,0,0,0
364.9144491201648,1,0,0,0
515.3420089544921,1,1,0,0
1116.2894002554692,5,0,0,0
1146.3068743564359,3,0,0,0
378.68604145736356,2,0,0,0
142.95845855094444,5,0,0,0
1000.7497048351262,4,0,0,0
137.33962008519936,4,0,0,0
863.9177276277925,5,0,1,0
1182.2834875439826,3,0,0,0
1206.0132058448962,3,0,0,0
1400.2801505590126,1,0,0,0
2062.4618878984484,5,0,0,0
693.0651678526561,8,0,0,0
1310.2566703241107,0,1,1,0
965.4093803239629,2,0,0,0
206.58138899841825,0,1,0,0
26.02538633000231,0,1,1,0
334.8315232754807,2,0,1,0
585.2505549570333,0,0,0,0
959.9969453743118,2,0,0,0
1896.8488916563408,2,1,0,0
218.46167430754426,3,0,0,0
134.15992141991447,1,0,1,0
3309.8937849849776,1,0,0,0
114.33910210774867,0,0,0,0
651.0288812117676,4,0,0,0
880.8360648239413,1,1,0,0
779.5211336363259,1,0,0,0
89.9598908963053,2,1,0,0
58.717537586962365,0,0,0,0
111.47184905131151,2,0,0,0
880.8938680938833,2,0,0,0
786.019088162905,2,0,0,0
266.23477488612957,0,0,0,0
1015.487344158388,4,0,0,0
1715.1735098465683,5,0,0,0
42.468098446434205,2,0,0,0
689.4140444876165,1,0,0,0
1168.9609749009921,1,0,0,0
290.7694027815587,2,0,0,0
367.83831643820264,1,0,0,0
950.980274077799,2,0,0,0
2282.1482888279534,3,0,0,0
1660.3334980387972,2,0,0,0
874.9813819698303,2,0,1,0
1310.1548342128917,1,0,0,0
453.8507446871991,5,0,0,0
1024.3368730946447,0,0,0,0
627.6995561461796,3,0,0,0
210.64219054411348,0,0,0,0
1209.7839023553797,2,0,0,0
812.9777450083195,3,0,0,0
444.1356404862513,2,0,0,0
2422.937314568569,2,0,0,0
21.156343339692693,2,0,0,0
379.46576612332916,3,0,1,0
58.563233077621184,2,0,0,0
1454.6901946764356,0,0,0,0
1211.022441777346,1,0,0,0
402.49784290157004,4,0,0,0
1125.9718787702627,2,0,0,0
504.077156308529,2,1,0,0
1411.6277237787306,1,1,0,0
605.4727384638724,1,0,0,0
531.5041718826617,2,1,0,0
2729.2214715342707,1,0,0,0
288.85489312475477,1,0,0,0
128.34184166411438,3,0,0,0
878.3764324276201,3,0,0,0
3484.203374768196,1,0,0,0
474.55672081713413,3,0,1,0
64.04452437809836,3,0,0,0
414.46337229466076,2,0,0,0
705.0814197840705,1,0,0,0
176.64530519334423,3,0,0,0
1073.2434698001364,2,0,0,0
6096.553548607159,2,0,0,0
601.0046962120925,2,0,0,0
438.0842084368992,3,0,0,0
511.9999243779213,1,0,0,0
122.33282094473483,3,0,0,0
2147.922556412585,1,0,0,0
535.8454514010092,5,0,0,0
489.8380964941422,2,0,0,0
1077.8991140767757,1,0,0,0
583.4562125363502,2,0,1,0
1044.787587099343,2,0,0,0
63.415195110739106,1,1,0,0
1680.5223110088111,0,0,0,0
2821.8454035853947,2,0,0,0
1046.300863306092,3,0,1,0
3091.4929897284223,1,0,0,0
164.2054265641818,2,0,0,0
648.969905097928,4,0,0,0
920.8177984579845,2,0,0,0
871.6440147501633,2,0,0,0
513.2648948519577,2,0,0,0
412.6172377703469,2,0,0,0
135.61816562204484,3,0,0,0
497.15688566068116,2,0,0,0
177.5260517571392,1,0,1,0
1325.634639654866,2,0,0,0
234.2435989003616,2,0,0,0
60.350296311934216,1,0,1,0
803.7796526293844,2,0,0,0
904.4356141002722,0,0,0,0
2055.0460368743375,4,0,0,0
860.3396314188838,3,0,0,0
423.8544407727264,2,1,0,0
1624.6118643793573,5,0,0,0
777.1352629046919,4,0,0,0
82.59961546174387,2,0,0,0
834.3664730746035,1,0,0,0
2386.168302923454,0,0,0,0
504.6988069287118,0,0,0,0
351.43981673243974,2,0,0,0
154.86530162962842,0,0,0,0
164.22099122496678,4,1,1,0
566.9930305953179,1,0,0,0
905.5482004430834,2,0,0,0
84.05075142757005,3,0,0,0
2806.2462599678925,2,0,0,0
1407.042594537049,5,1,0,0
883.3974908917387,1,0,0,0
1762.8144724468805,0,1,0,0
83.58462608054217,3,0,1,0
647.8657891939863,2,0,0,0
994.5039992448852,3,0,0,0
1764.063990935424,2,0,0,0
1530.0241411885497,0,0,0,0
324.441842480381,2,0,0,0
2828.188870397797,1,0,0,0
132.78406215222637,3,1,1,0
2080.511062382475,3,0,0,0
3538.401210161766,1,0,0,0
194.98563668124268,0,0,0,0
1280.3718345534119,3,1,0,0
41.119454150733084,1,0,0,0
519.9047565400114,6,0,0,0
726.255872558168,2,0,0,0
869.0380011158258,1,0,0,0
2747.8921798785477,2,0,1,0
1115.5062533479856,2,0,0,0
656.3870907573178,0,1,0,0
1659.0223323370449,3,0,1,0
3006.445878906102,1,0,1,0
22.31324792424268,2,0,0,0
4046.7706949298376,2,0,0,0
90.06929025930421,3,0,0,0
1684.0902287788037,1,1,0,0
328.9691091865907,1,1,0,0
141.77056472400685,2,1,1,0
579.5607422488072,1,1,0,0
1032.7025877237973,3,0,0,0
479.5722145309514,1,0,0,0
56.11057178814853,4,0,0,0
914.9444876145363,0,0,0,0
2326.9113528341977,2,0,0,0
483.2353694091781,5,0,0,0
243.7708100047209,3,0,0,0
584.4315223719652,3,0,0,0
49.571315790151864,2,1,0,0
1717.5109062049378,4,1,0,0
1750.660584118613,3,0,0,0
886.7330544624384,0,0,1,0
435.56802176129025,1,1,1,0
1608.3553208767814,6,1,0,0
808.9779289437241,4,1,0,0
1748.3110240989263,5,1,0,0
998.2027488638807,3,1,1,0
1534.355826228695,3,0,0,0
912.704652593895,0,0,0,0
534.6762491288786,2,0,0,0
3168.797441431948,2,0,0,0
778.9530841603292,3,1,0,0
929.0961689818496,1,0,0,0
249.08673354107242,5,0,0,0
982.5661991023144,7,0,0,0
847.7157965038725,3,0,0,0
204.36890066951594,2,0,0,0
61.436242028746555,4,1,0,0
927.2488526568421,1,0,0,0
1442.6203799216212,0,1,0,0
741.0805907840918,2,1,1,0
257.182127876914,2,0,0,0
1098.1783129283094,0,0,0,0
83.49653577071491,2,0,0,0
583.0983409318039,0,0,1,0
178.369486599447,1,0,0,0
203.90364488911203,0,1,0,0
226.01510673366604,2,0,0,0
488.912573091728,1,0,0,0
52.50477068702344,1,0,0,0
507.15477114575924,0,0,1,0
716.8405591360867,0,0,0,0
660.2817831082568,1,0,1,0
482.5363979743863,0,0,0,0
1827.2619379891482,7,0,1,1
157.03597946105643,1,0,0,0
704.6060711557683,4,0,0,0
64.04948548865706,2,0,0,0
73.81413104392162,4,0,0,0
853.001075424249,2,0,0,0
834.7531994414878,2,0,0,0
2104.008967430954,2,0,0,0
816.1596360639147,4,0,0,0
3213.664935287522,1,0,0,0
49.92039345791926,2,1,0,0
103.1492786683796,3,0,1,0
45.066261160005055,5,0,1,0
204.90691711102053,1,0,0,0
779.2937191392608,2,0,0,0
1037.2505684881696,0,0,0,0
46.65685713396438,3,0,0,0
2918.2323007342884,3,0,0,0
1846.2074817758742,0,0,0,0
351.84730456045975,1,0,0,0
80.32923979861893,0,0,0,0
186.1935310837393,0,0,0,0
135.75605249483726,1,0,1,0
131.5719185614339,3,0,0,0
730.9771736375726,2,0,0,0
282.1606005297094,5,0,0,0
443.3846259688029,2,0,0,0
4556.888092228617,2,0,0,0
1153.008018821779,2,0,0,0
2975.5506405797605,1,0,0,0
153.80005550845107,2,0,0,0
481.4925344270289,1,0,0,0
809.0784891069887,0,0,0,0
79.86395736312461,4,0,0,0
4.196235522318335,1,0,0,0
1109.9796544458632,3,0,0,0
1026.71827660608,1,1,0,0
528.9706027199854,2,1,0,0
672.646906542572,2,0,0,0
536.9009845903728,1,1,0,0
24.297861480855065,2,0,0,0
408.52720085878514,0,0,0,0
194.8990291047084,2,1,0,0
103.61114569962758,1,0,0,0
3140.074669663983,1,0,0,0
914.691324214182,0,1,0,0
1304.368937895508,3,0,0,0
378.86759382407473,1,0,0,0
499.46890526713025,2,0,0,0
270.39763784465123,1,1,0,0
101.99470963818113,5,1,0,0
197.2707055238353,1,0,0,0
1597.0847543298428,4,1,1,0
1131.794184411349,1,0,0,0
791.7061591687815,0,1,0,0
644.5282174574712,3,0,0,0
2556.6297491075275,3,0,0,0
75.51582955861086,2,0,0,0
329.3388781603906,3,0,0,0
430.68731077157946,2,0,0,0
1525.2153933379457,2,0,0,0
4894.803515834493,1,0,0,0
275.3194913782865,2,1,0,0
2073.9155114451955,3,0,0,0
1775.626864892659,1,0,0,0
254.45027975285532,2,0,0,0
509.7138756523765,2,1,0,0
527.0784369116337,2,0,0,0
3826.793856464401,2,1,0,0
199.539215290436,1,1,0,0
1605.2366058191674,2,0,0,0
406.75501093489515,0,0,0,0
1312.5620295359927,3,1,0,0
544.7461485452169,3,1,1,0
863.6028477808202,1,0,0,0
1787.4394539026432,3,0,0,0
1630.4856960335478,6,0,0,0
2013.0785624263492,4,0,1,0
61.46838586392217,1,0,1,0
1177.8196427258226,1,0,0,0
150.80821161179952,0,0,0,0
537.543673200864,0,0,0,0
795.3757504501566,2,1,0,0
515.4018868145539,1,1,1,0
733.1604934076494,2,1,0,0
5662.537503605446,5,1,0,1
145.27703333957547,5,0,0,0
1125.3342985022864,2,1,1,0
504.18268102478623,3,1,0,0
142.72760435004184,2,1,0,0
172.85066367365312,2,0,0,0
2981.299060218834,0,0,1,0
2116.948177345498,2,0,0,0
2375.6070749027776,1,0,1,0
4771.552548634512,4,1,0,0
233.59218618595972,0,0,0,0
439.1863374698838,4,1,0,0
1106.2988444669863,6,0,0,0
661.2659120131906,3,0,0,0
541.9543566701733,2,0,0,0
442.8730143527602,2,0,0,0
900.8619498880007,1,0,0,0
857.0633884792471,2,0,0,0
176.0904116418442,2,0,0,0
638.1663846557594,2,0,0,0
806.2526694871774,2,0,0,0
844.6375924131803,3,1,0,0
235.85802995824005,2,0,1,0
1355.8481556585807,1,0,0,0
25.522028652392724,2,0,0,0
438.2443070794907,2,0,0,0
1515.0947843264544,3,0,0,0
829.8674718767223,2,0,0,0
302.6771826142379,3,1,0,0
1187.2898071144723,1,0,0,0
837.9208321549434,3,0,0,0
1590.8301627217961,3,0,0,0
1328.1204997384618,4,0,0,0
941.8853013231986,3,0,1,0
669.7777362601624,2,0,0,0
142.9263884752338,1,0,0,0
302.90809273269025,5,0,0,0
543.1757466283815,0,0,0,0
914.5404819714907,0,1,0,0
720.9457147263106,3,0,0,0
339.93656683288447,4,0,0,0
6.485342233380302,2,1,0,0
685.6537702197355,5,0,0,0
336.34862824818293,1,0,1,0
1326.548433799724,0,1,1,0
24.237638009250364,3,0,0,0
879.0619322876682,2,0,0,0
2838.288237173423,2,1,0,0
191.65610901684235,1,1,0,0
637.9953722469678,2,0,0,0
95.87453001880661,2,0,0,0
982.6493410644763,5,0,1,0
799.6899071899204,3,0,0,0
523.1774683712669,0,0,0,0
736.842092695799,4,0,0,0
2268.905264430882,1,1,0,0
218.52212446554634,5,0,1,0
22.822985930000826,1,1,0,0
1978.0761658092706,5,0,0,0
860.6599287645691,1,0,0,0
2213.2788596030045,1,0,1,0
908.6828042203382,3,0,0,0
1661.579408336042,1,0,0,0
561.5460355367736,1,1,0,0
1385.7342431683176,2,0,0,0
2442.3239048700602,3,0,1,0
848.9194230948063,1,0,0,0
199.40889810627354,4,0,0,0
313.06499712732773,0,0,0,0
221.45070610729468,2,1,1,0
283.5001988145519,1,0,0,0
365.88212791473734,2,0,0,0
809.981686407669,2,1,0,0
886.7116130036375,2,0,0,0
555.9969016837088,3,0,1,0
955.6054769824742,3,0,0,0
85.09495153710222,3,0,0,0
91.88311965301504,2,0,0,0
188.5361800532905,4,0,0,0
729.9719621747886,3,0,0,0
240.7917164719208,6,0,0,0
333.07617466271137,3,0,0,0
511.34715336056746,1,0,0,0
1670.6014632518277,2,1,0,0
13.959112564237627,7,1,1,1
1048.048898270051,2,0,1,0
1105.2639551550221,1,0,0,0
1602.7393001009111,5,0,0,0
2699.381964954295,3,0,0,0
20.343379404526427,5,1,0,0
166.9802848111523,2,0,0,0
2173.0605400307513,0,0,0,0
613.4464923290348,0,0,0,0
831.4686304896669,1,0,0,0
1087.7530751021566,2,0,0,0
1136.5216680218973,3,0,0,0
2684.4372440547,2,0,0,0
5792.422694036066,2,0,0,0
1273.528194464486,3,0,0,0
338.5841580453673,1,0,0,0
2118.2023476955583,7,0,0,0
50.47354052048953,2,1,0,0
262.7694552830484,6,0,0,0
2276.7781499270473,1,1,0,0
295.97168916602334,0,0,0,0
249.2963996704412,1,0,0,0
148.64537055384224,6,0,0,0
1959.788310308251,2,0,0,0
693.2637057309128,2,1,0,0
1123.601544644306,1,0,1,0
273.20915761273596,1,0,1,0
1418.984595748312,1,1,0,0
1427.1394599157911,1,0,0,0
374.8360412919456,2,0,0,0
528.7904170316771,2,0,0,0
235.33035646829174,2,0,1,0
3753.354972346815,0,0,0,0
1037.3363318871632,1,0,0,0
2726.3752954354054,4,1,0,0
361.52316850808273,5,1,0,0
1522.759942254089,2,0,0,0
1451.830260048272,4,0,1,0
1176.5381070998153,0,0,0,0
3370.832358876579,3,0,0,0
500.1417931880714,6,0,0,0
140.08691730201156,0,1,0,0
1113.854440047533,6,0,0,0
1306.7802872182529,2,0,0,0
855.8086460009314,3,0,0,0
231.7024407520501,3,0,1,0
702.099012251458,0,0,0,0
374.2422589800525,1,0,0,0
557.6840791784314,1,0,0,0
1036.2533857365595,1,0,0,0
1367.3342168122133,2,0,0,0
264.2581549181181,6,0,0,0
519.740847616342,2,1,1,0
313.56287101083274,3,0,0,0
221.43452985102118,2,0,0,0
1529.6439433665464,7,0,0,0
2399.6764970437134,3,0,0,0
462.40407623300126,1,1,0,0
1391.423188593864,2,0,0,0
2272.9805574721777,2,1,0,0
1871.6095638991721,2,0,0,0
201.88779960316126,1,0,0,0
3130.2214164088514,1,0,0,0
472.6895377579066,1,0,1,0
414.36559192200133,1,0,1,0
64.46527291658663,2,1,0,0
665.8699190636977,2,0,0,0
115.42613293103832,2,0,1,0
285.73705978576885,0,0,0,0
381.17641381441285,2,0,0,0
1654.5729630086432,5,0,0,0
2083.3584057535872,2,0,0,0
360.2044760747379,2,0,0,0
1956.856693163304,2,0,0,0
1946.5269007961112,2,0,0,0
1446.6855493197847,2,0,0,0
158.63836746886082,4,0,0,0
1172.2249657953291,4,1,0,0
2900.859727325794,3,1,0,0
1147.4049609572319,2,0,0,0
402.8936906992657,1,0,0,0
694.306487157894,1,0,0,0
1037.681953636756,2,0,0,0
714.5146654134443,3,1,1,0
127.77989763392198,2,0,0,0
374.0595335387715,2,1,0,0
1621.4904055788031,2,0,1,0
1976.2934034128036,4,0,0,0
147.68831082190704,4,0,0,0
3044.6442455149077,4,0,0,0
398.721822025955,4,0,0,0
1085.6380356598943,1,0,0,0
1393.621724626525,1,0,0,0
1671.0273710696745,0,0,0,0
2914.1467976536856,1,1,1,0
375.30388739904225,2,0,0,0
1955.501178144582,4,0,0,0
141.20291903516645,2,1,0,0
1220.9185978626801,2,1,0,0
1354.7093780726186,4,0,0,0
1132.344603221023,1,0,0,0
290.7731597904565,1,0,1,0
2063.9079905255403,3,0,0,0
184.95517777572178,1,0,0,0
55.12672895569121,2,0,1,0
1263.9528090364834,1,0,0,0
645.2635514220832,0,0,0,0
1891.124791748205,4,0,0,0
483.5301269178374,1,0,0,0
184.25773618939914,2,0,0,0
1810.5887882580391,0,0,1,0
796.0875862478974,1,0,1,0
209.72867496333555,1,0,0,0
1274.3380405978253,0,1,0,0
715.6252060629813,0,0,0,0
927.1317394188783,4,0,0,0
617.8511139964916,1,0,0,0
1764.391319966088,0,0,0,0
1769.3878838442363,0,0,0,0
1235.7690627371098,4,0,0,0
111.38012766315977,4,1,1,0
1825.4436356623235,2,0,0,0
1111.7369835024392,2,0,0,0
1194.1022324431974,1,1,0,0
450.9586856313101,1,1,0,0
2114.2777878974825,1,0,0,0
1292.3363686902942,5,0,1,0
119.44869694560363,0,0,0,0
523.8737724897916,5,0,0,0
2174.8989175662196,1,0,0,0
48.34679925243193,1,1,0,0
3254.933655904071,0,0,0,0
1136.820727501,1,0,0,0
997.9780639855181,2,0,0,0
315.47714322600217,2,1,0,0
286.07242028943483,0,0,0,0
2848.316556850679,3,0,0,0
354.21006173568475,3,0,0,0
1493.903165481272,3,0,0,0
499.4271640815944,1,0,0,0
149.95590612084354,1,0,1,0
10.773119923591373,2,0,1,0
785.8269643247577,0,0,0,0
3720.527762068888,2,0,0,0
460.6652777867604,2,0,0,0
441.9097192300999,1,1,0,0
421.73416114746016,0,0,1,0
735.1028117886722,3,0,0,0
581.006492471372,2,0,1,0
2119.552345214817,1,0,0,0
704.2501747557836,1,0,0,0
708.7844847762061,1,0,0,0
148.93118562461444,0,0,1,0
4059.336995209323,3,0,0,0
287.645927596787,3,0,0,0
76.19452783889089,2,1,0,0
1088.1064160436101,2,0,1,0
904.773238960381,1,0,0,0
536.3924439354222,6,0,0,0
548.5140501969202,1,0,0,0
1537.4146022517225,3,0,1,0
217.79866084853276,1,1,0,0
1716.2067467789282,2,0,0,0
1046.2488416989509,1,0,0,0
542.9524990075903,0,0,0,0
612.5420770615798,2,1,0,0
296.58452486532406,1,0,0,0
1394.7876580584734,2,0,0,0
719.2339863118927,1,0,0,0
386.91995161157826,3,0,0,0
906.4644576289329,1,0,0,0
5457.184630633821,2,0,1,0
571.3938673968527,3,0,0,0
2534.408717110967,6,0,0,0
423.1457534858858,4,0,0,0
56.28754166803198,2,0,0,0
228.46029313106268,2,0,0,0
542.4799494631557,0,0,1,0
247.99342853180605,2,0,0,0
0.22706399533347355,4,0,0,0
2465.122113802847,1,0,0,0
1857.1265654170916,2,0,0,0
1355.9290162094906,1,0,0,0
183.7000212148678,3,0,0,0
128.24661166591312,4,0,0,0
69.99846564773325,1,0,0,0
1287.4601752812196,1,0,1,0
2642.374274229241,2,0,0,0
563.0593969546578,3,0,0,0
126.85733888932899,1,0,0,0
718.2451578002846,3,0,1,0
428.98746343440166,5,0,0,0
469.7235474323051,4,1,1,0
971.0918138763649,1,1,0,0
1268.3979568222494,2,0,0,0
117.21224731935041,1,1,0,0
36.23900291149199,2,0,0,0
5172.619546391402,1,1,0,1
264.9143668065442,1,1,0,0
55.33357683015852,5,1,0,0
210.56712846290915,1,0,0,0
39.73700661221781,3,0,1,0
497.26941678515664,3,0,0,0
1621.5195243332564,4,0,0,0
417.4027537468337,7,0,1,1
587.3169076364022,2,1,0,0
1125.7371855851006,4,0,0,0
711.0954312183089,2,0,0,0
1976.492871538066,2,0,1,0
2010.1817461619223,2,0,0,0
9.96013334727755,1,1,0,0
1505.286506629469,1,1,0,0
617.5455820133717,6,0,0,0
4495.467827117785,2,0,0,0
660.1613947623754,1,0,0,0
4334.833584320393,1,0,0,0
1404.7409020363848,6,0,1,1
285.8236465465313,4,0,0,0
773.0456870860419,2,0,0,0
4845.41405265386,1,0,0,0
1948.6280935859438,2,0,0,0
102.43911354619709,0,0,0,0
1225.4416080774893,0,0,0,0
424.0052989949715,5,0,0,0
7.006751934724461,0,1,0,0
516.6441335557823,0,0,0,0
267.55847931766846,4,0,0,0
1708.5362461043778,1,0,1,0
411.47906904242893,2,1,0,0
1757.4954081989688,3,0,0,0
0.5981176715128856,3,0,0,0
367.9080136159424,2,0,0,0
275.9711989406221,5,0,0,0
266.0084659001128,3,0,0,0
70.62272014626284,0,0,1,0
207.17703525116858,5,1,0,0
810.9167485496629,2,0,0,0
344.4091527474112,3,0,0,0
540.2454786595356,1,1,0,0
472.9951078148243,2,0,0,0
2086.7072732955344,0,0,0,0
2357.0307087352544,2,0,0,0
679.1594104632081,1,1,0,0
400.7103553554071,2,0,0,0
112.94554719643101,3,0,0,0
3066.216529074919,2,0,0,0
62.11686361217883,2,1,0,0
353.3238189046705,1,1,0,0
353.91618306417035,2,0,0,0
386.2527816820527,2,0,0,0
179.4698387367111,4,0,0,0
1528.6021235958033,1,0,0,0
130.67588713908927,3,1,0,0
1007.6022297450667,1,0,0,0
132.21343489057125,2,0,0,0
73.14681316131342,2,0,0,0
2401.626766714926,0,0,0,0
210.88001471667798,1,0,0,0
1721.7679620780682,3,0,0,0
786.6469166426685,3,0,0,0
81.05444888728248,2,0,1,0
3111.102529661882,1,0,0,0
283.6384814520812,1,0,0,0
1963.5828121542204,0,1,0,0
184.89687702771167,1,0,0,0
1923.757515573203,2,1,0,0
13.317093076374446,0,0,0,0
716.9900902175577,3,1,0,0
1467.2553344303774,2,0,0,0
2730.227062302025,4,0,0,0
2399.1195201548035,1,0,0,0
1712.7165386597837,4,0,1,0
2190.966347920705,2,1,0,0
222.1686339969181,1,0,0,0
334.33254139902175,5,0,0,0
341.0385814119751,5,0,0,0
473.2953305576786,2,0,0,0
499.7549148057964,2,0,1,0
786.4810288349036,3,0,0,0
174.21025853869085,3,0,1,0
1175.212585546878,2,0,0,0
183.4019874143787,3,0,0,0
371.5108568727232,2,0,0,0
699.8599218911432,0,0,0,0
1591.797235781115,2,1,0,0
1345.034318193562,4,0,0,0
1037.143852827889,0,0,1,0
169.33417186405975,4,0,0,0
791.9632592061517,0,0,0,0
91.50856707954505,2,0,0,0
473.7918784843434,0,0,0,0
533.6107959234128,1,0,0,0
40.62559656359004,2,0,0,0
320.1888723770476,1,0,0,0
3115.6305582691402,4,0,0,0
3071.158821748142,2,0,1,0
434.369423393203,0,0,0,0
44.05650005242228,1,0,0,0
197.34781486214786,4,0,0,0
497.93867407364297,6,0,0,0
2952.28393191382,1,1,0,0
152.2181225463228,3,0,0,0
1441.8740655488277,2,1,0,0
115.05461797192928,0,0,0,0
3976.9657357820215,4,0,0,0
480.64646238363315,3,0,0,0
1492.6978155562588,0,0,0,0
419.4490535165588,0,0,0,0
987.9717054620767,2,0,0,0
213.21312751566688,3,0,0,0
157.84869825637543,2,0,0,0
2781.6559385743917,2,0,0,0
2496.7437677066623,1,0,0,0
2184.5260084460624,3,1,0,0
981.9857886522351,3,0,0,0
1651.657816993581,1,0,0,0
71.53567694042991,1,1,0,0
407.6510583935762,2,0,0,0
376.4449821263705,3,0,0,0
1009.6274955153441,2,1,1,0
439.9909858823777,2,0,0,0
160.76374326070547,1,0,0,0
907.4971971129079,4,0,0,0
1684.074828056504,1,0,1,0
481.46667071622335,0,0,0,0
141.8731918579913,3,0,1,0
219.01234315893586,0,0,0,0
271.13087588043504,2,0,1,0
356.5286589168168,3,0,1,0
1029.4456297007428,3,0,0,0
918.6572411940529,3,0,0,0
1190.9903146114227,1,1,0,0
450.20411494501013,2,0,1,0
1737.2579424419512,2,1,1,0
228.26622628228702,0,0,0,0
633.069998006981,0,0,0,0
1614.1425697063462,2,0,0,0
198.64443028678104,2,0,0,0
116.38002329705778,3,0,0,0
2151.444375888644,3,1,0,0
419.96420802266596,1,0,1,0
1151.6021527080916,2,1,0,0
25.67541475277774,1,0,0,0
1171.3342458765321,1,1,0,0
379.94548862662907,0,0,1,0
57.35463100539237,3,1,0,0
941.12855647433,2,0,0,0
275.4950581389531,2,1,0,0
489.0759423149503,0,0,0,0
84.01312600671694,3,0,0,0
159.1871344433472,2,0,0,0
353.78944741350574,3,0,0,0
94.0464292896677,2,0,0,0
2417.168729910249,5,1,1,0
6.065400592387342,3,0,0,0
661.3776565118254,0,0,0,0
131.5304907730684,3,0,0,0
367.7056873312893,2,0,0,0
2604.4953722626115,4,0,0,0
176.37275001240553,2,1,0,0
3376.4751027313255,4,0,0,0
230.41288021614605,4,0,0,0
1353.115356490208,2,0,0,0
791.1509676433816,2,0,1,0
2158.3005893272903,3,0,0,0
807.4212048861228,2,0,0,0
764.7704065903582,2,0,0,0
217.48210803096157,3,0,0,0
181.7969288972292,3,1,0,0
2482.778728804769,2,0,1,0
397.25619191997856,2,1,0,0
465.34610033274834,2,0,0,0
1426.381868893206,4,0,0,0
413.73442852196587,4,0,0,0
3037.856086718442,3,0,0,0
1339.1351223725042,2,0,0,0
909.8844027249768,4,0,0,0
2127.7511699010834,2,0,0,0
50.87854709076839,2,0,1,0
297.1436149295869,6,0,0,0
625.5564488240273,1,0,0,0
257.44846813005285,0,1,0,0
1362.2075409687193,1,0,0,0
2515.877712624293,1,0,0,0
551.2486005622603,2,1,0,0
418.7518878915807,0,1,0,0
3258.415624500881,5,0,0,0
588.5213137801088,4,0,0,0
671.4804103862675,3,1,0,0
433.32440809037934,2,0,0,0
2402.9411851621444,1,0,0,0
841.5439071630591,2,0,1,0
1436.2184340838892,3,0,0,0
1670.2857504004903,4,1,0,0
418.32095439083207,1,0,0,0
568.6212958831294,0,1,0,0
1886.9833638364012,1,0,0,0
451.3865698313259,0,0,0,0
1579.564273602735,2,0,1,0
2830.0877176850545,2,1,0,0
976.0682660325608,0,0,0,0
1353.3521142439283,0,0,0,0
1635.2548810867347,0,0,0,0
1864.5859941182975,0,0,0,0
502.61498658454104,2,0,0,0
52.624136592683655,3,0,0,0
513.9576421468563,2,1,0,0
1120.110415651195,2,0,1,0
598.474268823776,3,0,1,0
1382.1555413046656,2,0,0,0
441.5832292526428,3,0,0,0
1007.1571876970357,3,0,0,0
206.3107767932955,3,1,0,0
1383.7752832423148,2,0,0,0
788.9886328531671,0,1,0,0
228.2369865434577,4,1,0,0
345.1857319967214,1,0,1,0
1380.744623767398,2,0,0,0
658.9413974462814,3,0,0,0
243.38636197804158,5,0,0,0
3419.4995605254085,1,0,0,0
1255.7048609797414,2,0,0,0
3149.695730170519,2,0,0,0
557.0529043097237,3,1,0,0
644.5481597843345,3,0,0,0
2282.3435050455755,1,0,0,0
744.544354543604,4,0,0,0
1228.5350410933006,2,0,0,0
290.5834473663516,3,0,1,0
591.9027681089136,1,1,0,0
131.76137809385665,3,0,1,0
230.64667431931335,1,0,0,0
0.9438605639029171,1,0,1,0
40.0567162210924,1,0,0,0
3784.677972921234,4,0,0,0
277.53861851442906,2,1,0,0
1088.5947605796628,0,1,0,0
1826.9703530129698,1,0,0,0
799.9764615179965,4,0,0,0
166.22520110856686,1,0,0,0
1302.3813827796612,1,0,0,0
916.919454727911,3,0,0,0
1313.9758924631344,0,0,0,0
1468.5749366669322,1,0,0,0
3705.4303754784787,1,0,0,0
852.2912935782335,2,0,1,0
418.0050749021779,2,0,0,0
1045.4447389605757,1,0,1,0
70.89544012621512,2,0,0,0
2276.891209370531,1,0,1,0
127.13022257045766,2,1,0,0
397.26309360910295,2,0,0,0
1691.4366769983171,4,1,0,0
909.5941499401257,1,0,0,0
